Game Turn, Player, SpyId, Action, Status, Location
182, 2, 9961490, MOVE TO CITY (ALREADY THERE), COMPLETE, 22:10
182, 4, 14811200, MOVE TO CITY (ALREADY THERE), COMPLETE, 32:16
182, 4, 14811200, MOVE TO CITY(39 20), BEGIN, 32:16
182, 4, 14876684, MOVE TO CITY (ALREADY THERE), COMPLETE, 39:20
182, 5, 20774991, MOVE TO CITY (ALREADY THERE), COMPLETE, 53:27
182, 5, 20709401, MOVE TO CITY(32 16), BEGIN, 53:27
182, 5, 20643915, MOVE TO CITY(32 16), BEGIN, 53:27
182, 6, 17563696, MOVE TO CITY(66 21), BEGIN, 25:20
182, 6, 17629237, MOVE TO CITY (ALREADY THERE), COMPLETE, 25:20
182, 6, 17694769, MOVE TO CITY (ALREADY THERE), COMPLETE, 25:20
182, 7, 12845120, UNITOPERATION_SPY_STEAL_TECH_BOOST, COMPLETE, 17:13
182, 7, 12910662, UNITOPERATION_SPY_STEAL_TECH_BOOST, COMPLETE, 18:13
183, 1, 14811175, MOVE TO CITY (ALREADY THERE), COMPLETE, 66:21
183, 1, 14811175, MOVE TO CITY(37 10), BEGIN, 66:21
183, 2, 10158107, MOVE TO CITY(66 21), BEGIN, 22:10
183, 2, 9961490, MOVE TO CITY(66 21), BEGIN, 22:10
183, 2, 10092577, MOVE TO CITY (ALREADY THERE), COMPLETE, 66:21
183, 2, 10092577, MOVE TO CITY(22 10), BEGIN, 66:21
183, 4, 15073312, MOVE TO CITY (ALREADY THERE), COMPLETE, 39:20
183, 4, 14876684, MOVE TO CITY(32 16), BEGIN, 39:20
183, 4, 15007808, MOVE TO CITY (ALREADY THERE), COMPLETE, 32:16
183, 4, 15007808, MOVE TO CITY(39 20), BEGIN, 32:16
183, 5, 20774991, MOVE TO CITY(32 16), BEGIN, 53:27
183, 5, 20971595, MOVE TO CITY (ALREADY THERE), COMPLETE, 66:21
183, 5, 20971595, UNITOPERATION_SPY_GREAT_WORK_HEIST, BEGIN, 67:20
183, 5, 21037116, MOVE TO CITY (ALREADY THERE), COMPLETE, 66:21
183, 5, 21037116, UNITOPERATION_SPY_GREAT_WORK_HEIST, BEGIN, 67:20
183, 6, 17629237, MOVE TO CITY(66 21), BEGIN, 25:20
183, 6, 17694769, MOVE TO CITY(66 21), BEGIN, 25:20
183, 7, 12845120, MOVE TO CITY(32 16), BEGIN, 17:13
184, 1, 14876711, MOVE TO CITY (ALREADY THERE), COMPLETE, 66:21
184, 1, 14876711, MOVE TO CITY(37 10), BEGIN, 66:21
184, 1, 14942244, MOVE TO CITY (ALREADY THERE), COMPLETE, 66:21
184, 1, 14942244, MOVE TO CITY(37 10), BEGIN, 66:21
184, 1, 15007779, MOVE TO CITY (ALREADY THERE), COMPLETE, 66:21
184, 1, 15007779, MOVE TO CITY(37 10), BEGIN, 66:21
184, 2, 10289185, MOVE TO CITY (ALREADY THERE), COMPLETE, 22:10
184, 4, 15073312, MOVE TO CITY(32 16), BEGIN, 39:20
184, 4, 15335488, MOVE TO CITY (ALREADY THERE), COMPLETE, 32:16
184, 4, 15335488, MOVE TO CITY(39 20), BEGIN, 32:16
184, 4, 15400972, MOVE TO CITY (ALREADY THERE), COMPLETE, 39:20
184, 6, 17956913, MOVE TO CITY (ALREADY THERE), COMPLETE, 66:21
184, 6, 17956913, MOVE TO CITY(25 20), BEGIN, 66:21
184, 7, 15007798, MOVE TO CITY(32 16), BEGIN, 61:11
185, 1, 15073322, MOVE TO CITY (ALREADY THERE), COMPLETE, 37:10
185, 2, 10289185, MOVE TO CITY(66 21), BEGIN, 22:10
185, 4, 15663180, MOVE TO CITY (ALREADY THERE), COMPLETE, 39:20
185, 4, 15400972, MOVE TO CITY(32 16), BEGIN, 39:20
185, 5, 21233717, MOVE TO CITY (ALREADY THERE), COMPLETE, 66:21
185, 5, 21233717, UNITOPERATION_SPY_GREAT_WORK_HEIST, BEGIN, 67:20
185, 6, 18022449, MOVE TO CITY (ALREADY THERE), COMPLETE, 25:20
185, 7, 15007798, MOVE TO CITY(32 16), BEGIN, 61:11
186, 1, 15204377, MOVE TO CITY (ALREADY THERE), COMPLETE, 37:10
186, 1, 15073322, MOVE TO CITY(66 21), BEGIN, 37:10
186, 1, 15269893, MOVE TO CITY (ALREADY THERE), COMPLETE, 37:10
186, 1, 15335460, MOVE TO CITY (ALREADY THERE), COMPLETE, 37:10
186, 4, 15663180, MOVE TO CITY(32 16), BEGIN, 39:20
186, 5, 21299258, MOVE TO CITY (ALREADY THERE), COMPLETE, 32:16
186, 5, 21299258, GAIN SOURCES, BEGIN, 32:16
186, 5, 21364753, MOVE TO CITY (ALREADY THERE), COMPLETE, 32:16
186, 5, 21364753, GAIN SOURCES, BEGIN, 32:16
186, 6, 18153510, MOVE TO CITY (ALREADY THERE), COMPLETE, 66:21
186, 6, 18153510, GAIN SOURCES, BEGIN, 66:21
186, 6, 18022449, MOVE TO CITY(66 21), BEGIN, 25:20
186, 7, 13762623, UNITOPERATION_SPY_STEAL_TECH_BOOST, COMPLETE, 18:13
187, 1, 15335460, MOVE TO CITY(66 21), BEGIN, 37:10
187, 1, 15204377, MOVE TO CITY(66 21), BEGIN, 37:10
187, 1, 15269893, MOVE TO CITY(66 21), BEGIN, 37:10
187, 2, 10616847, MOVE TO CITY (ALREADY THERE), COMPLETE, 66:21
187, 2, 10616847, MOVE TO CITY(22 10), BEGIN, 66:21
187, 2, 10682382, MOVE TO CITY (ALREADY THERE), COMPLETE, 66:21
187, 2, 10682382, MOVE TO CITY(22 10), BEGIN, 66:21
187, 4, 15859791, MOVE TO CITY (ALREADY THERE), COMPLETE, 32:16
187, 4, 15859791, MOVE TO CITY(39 20), BEGIN, 32:16
187, 5, 21692462, MOVE TO CITY (ALREADY THERE), COMPLETE, 32:16
187, 5, 21692462, GAIN SOURCES, BEGIN, 32:16
187, 6, 18350129, MOVE TO CITY (ALREADY THERE), COMPLETE, 66:21
187, 6, 18350129, GAIN SOURCES, BEGIN, 66:21
187, 6, 18415656, MOVE TO CITY (ALREADY THERE), COMPLETE, 66:21
187, 6, 18415656, GAIN SOURCES, BEGIN, 66:21
187, 6, 18481155, MOVE TO CITY(66 21), BEGIN, 26:32
187, 7, 15401023, MOVE TO CITY (ALREADY THERE), COMPLETE, 32:16
187, 7, 15401023, GAIN SOURCES, BEGIN, 32:16
188, 2, 10747919, MOVE TO CITY (ALREADY THERE), COMPLETE, 22:10
188, 2, 10813454, MOVE TO CITY (ALREADY THERE), COMPLETE, 22:10
188, 4, 16121933, MOVE TO CITY (ALREADY THERE), COMPLETE, 39:20
188, 4, 16056399, MOVE TO CITY (ALREADY THERE), COMPLETE, 32:16
188, 4, 16056399, MOVE TO CITY(39 20), BEGIN, 32:16
188, 5, 20971595, UNITOPERATION_SPY_GREAT_WORK_HEIST, COMPLETE, 66:21
188, 5, 21037116, UNITOPERATION_SPY_GREAT_WORK_HEIST, COMPLETE, 66:21
188, 5, 21233717, UNITOPERATION_SPY_GREAT_WORK_HEIST, COMPLETE, 66:21
189, 2, 10879009, MOVE TO CITY (ALREADY THERE), COMPLETE, 66:21
189, 2, 10879009, GAIN SOURCES, BEGIN, 66:21
189, 2, 10747919, MOVE TO CITY(66 21), BEGIN, 22:10
189, 2, 10813454, MOVE TO CITY(66 21), BEGIN, 22:10
189, 4, 16318535, MOVE TO CITY (ALREADY THERE), COMPLETE, 39:20
189, 4, 16121933, MOVE TO CITY(32 16), BEGIN, 39:20
189, 4, 16253007, MOVE TO CITY (ALREADY THERE), COMPLETE, 32:16
189, 4, 16253007, GAIN SOURCES, BEGIN, 32:16
189, 5, 21233717, MOVE TO CITY(32 16), BEGIN, 66:21
189, 5, 20971595, MOVE TO CITY(32 16), BEGIN, 66:21
189, 5, 21037116, MOVE TO CITY(32 16), BEGIN, 66:21
189, 7, 15794256, MOVE TO CITY (ALREADY THERE), COMPLETE, 32:16
189, 7, 15794256, GAIN SOURCES, BEGIN, 32:16
190, 1, 15597573, MOVE TO CITY (ALREADY THERE), COMPLETE, 66:21
190, 1, 15597573, MOVE TO CITY(37 10), BEGIN, 66:21
190, 4, 16449613, MOVE TO CITY (ALREADY THERE), COMPLETE, 32:16
190, 4, 16449613, GAIN SOURCES, BEGIN, 32:16
190, 4, 16318535, MOVE TO CITY(32 16), BEGIN, 39:20
190, 6, 18939943, MOVE TO CITY (ALREADY THERE), COMPLETE, 66:21
190, 6, 18939943, GAIN SOURCES, BEGIN, 66:21
191, 1, 15794212, MOVE TO CITY (ALREADY THERE), COMPLETE, 66:21
191, 1, 15794212, UNITOPERATION_SPY_GREAT_WORK_HEIST, BEGIN, 67:20
191, 1, 15859717, MOVE TO CITY (ALREADY THERE), COMPLETE, 66:21
191, 1, 15859717, UNITOPERATION_SPY_GREAT_WORK_HEIST, BEGIN, 67:20
191, 1, 15925281, MOVE TO CITY (ALREADY THERE), COMPLETE, 66:21
191, 1, 15925281, UNITOPERATION_SPY_GREAT_WORK_HEIST, BEGIN, 67:20
191, 5, 21299258, MOVE TO CITY(53 27), BEGIN, 32:16
191, 5, 21364753, MOVE TO CITY(53 27), BEGIN, 32:16
191, 6, 18153510, MOVE TO CITY(25 20), BEGIN, 66:21
191, 6, 19071002, MOVE TO CITY (ALREADY THERE), COMPLETE, 66:21
191, 6, 19071002, MOVE TO CITY(25 20), BEGIN, 66:21
192, 1, 16056334, MOVE TO CITY (ALREADY THERE), COMPLETE, 37:10
192, 5, 21692462, MOVE TO CITY(53 27), BEGIN, 32:16
192, 5, 22544442, MOVE TO CITY (ALREADY THERE), COMPLETE, 53:27
192, 5, 22609941, MOVE TO CITY (ALREADY THERE), COMPLETE, 53:27
192, 6, 19267622, MOVE TO CITY (ALREADY THERE), COMPLETE, 25:20
192, 6, 18350129, MOVE TO CITY(25 20), BEGIN, 66:21
192, 6, 18415656, MOVE TO CITY(25 20), BEGIN, 66:21
192, 6, 19333146, MOVE TO CITY (ALREADY THERE), COMPLETE, 25:20
192, 7, 15401023, MOVE TO CITY(61 11), BEGIN, 32:16
193, 1, 16056334, MOVE TO CITY(32 16), BEGIN, 37:10
193, 2, 11075598, MOVE TO CITY (ALREADY THERE), COMPLETE, 66:21
193, 2, 11075598, GAIN SOURCES, BEGIN, 66:21
193, 2, 11141145, MOVE TO CITY (ALREADY THERE), COMPLETE, 66:21
193, 2, 11141145, GAIN SOURCES, BEGIN, 66:21
193, 4, 16777297, MOVE TO CITY (ALREADY THERE), COMPLETE, 32:16
193, 4, 16777297, GAIN SOURCES, BEGIN, 32:16
193, 5, 22937683, MOVE TO CITY (ALREADY THERE), COMPLETE, 53:27
193, 5, 22741039, MOVE TO CITY (ALREADY THERE), COMPLETE, 32:16
193, 5, 22741039, MOVE TO CITY(53 27), BEGIN, 32:16
193, 5, 22609941, MOVE TO CITY(61 11), BEGIN, 53:27
193, 5, 22806574, MOVE TO CITY (ALREADY THERE), COMPLETE, 32:16
193, 5, 22806574, MOVE TO CITY(53 27), BEGIN, 32:16
193, 5, 22872064, MOVE TO CITY (ALREADY THERE), COMPLETE, 32:16
193, 5, 22872064, MOVE TO CITY(53 27), BEGIN, 32:16
193, 5, 22544442, MOVE TO CITY(61 11), BEGIN, 53:27
193, 6, 19267622, MOVE TO CITY(61 11), BEGIN, 25:20
193, 6, 19529777, MOVE TO CITY (ALREADY THERE), COMPLETE, 25:20
193, 6, 19595304, MOVE TO CITY (ALREADY THERE), COMPLETE, 25:20
193, 6, 19333146, MOVE TO CITY(61 11), BEGIN, 25:20
193, 7, 16252991, MOVE TO CITY (ALREADY THERE), COMPLETE, 61:11
194, 2, 10879009, MOVE TO CITY(22 10), BEGIN, 66:21
194, 4, 16973860, MOVE TO CITY (ALREADY THERE), COMPLETE, 32:16
194, 4, 16973860, MOVE TO CITY(39 20), BEGIN, 32:16
194, 4, 16253007, MOVE TO CITY(39 20), BEGIN, 32:16
194, 5, 23003194, MOVE TO CITY (ALREADY THERE), COMPLETE, 53:27
194, 5, 22937683, MOVE TO CITY(61 11), BEGIN, 53:27
194, 5, 23068725, MOVE TO CITY (ALREADY THERE), COMPLETE, 53:27
194, 5, 23134255, MOVE TO CITY (ALREADY THERE), COMPLETE, 53:27
194, 6, 19595304, MOVE TO CITY(61 11), BEGIN, 25:20
194, 6, 19529777, MOVE TO CITY(61 11), BEGIN, 25:20
194, 7, 16252991, MOVE TO CITY(32 16), BEGIN, 61:11
194, 7, 16449590, MOVE TO CITY(32 16), BEGIN, 57:12
194, 7, 15794256, MOVE TO CITY(61 11), BEGIN, 32:16
195, 2, 11272225, MOVE TO CITY (ALREADY THERE), COMPLETE, 22:10
195, 4, 16449613, MOVE TO CITY(39 20), BEGIN, 32:16
195, 4, 17104975, MOVE TO CITY (ALREADY THERE), COMPLETE, 39:20
195, 4, 17170468, MOVE TO CITY (ALREADY THERE), COMPLETE, 39:20
195, 5, 23265363, MOVE TO CITY (ALREADY THERE), COMPLETE, 61:11
195, 5, 23265363, GAIN SOURCES, BEGIN, 61:11
195, 5, 23003194, MOVE TO CITY(61 11), BEGIN, 53:27
195, 5, 23068725, MOVE TO CITY(61 11), BEGIN, 53:27
195, 5, 23134255, MOVE TO CITY(61 11), BEGIN, 53:27
195, 5, 23330837, MOVE TO CITY (ALREADY THERE), COMPLETE, 61:11
195, 5, 23330837, GAIN SOURCES, BEGIN, 61:11
195, 6, 19988529, MOVE TO CITY (ALREADY THERE), COMPLETE, 61:11
195, 6, 19988529, GAIN SOURCES, BEGIN, 61:11
195, 6, 18939943, MOVE TO CITY(25 20), BEGIN, 66:21
195, 6, 20054056, MOVE TO CITY (ALREADY THERE), COMPLETE, 61:11
195, 6, 20054056, GAIN SOURCES, BEGIN, 61:11
195, 7, 16646225, MOVE TO CITY (ALREADY THERE), COMPLETE, 61:11
196, 1, 15794212, UNITOPERATION_SPY_GREAT_WORK_HEIST, COMPLETE, 67:20
196, 1, 15859717, UNITOPERATION_SPY_GREAT_WORK_HEIST, COMPLETE, 67:20
196, 1, 15925281, UNITOPERATION_SPY_GREAT_WORK_HEIST, COMPLETE, 66:21
196, 2, 11272225, MOVE TO CITY(61 11), BEGIN, 22:10
196, 4, 17367117, MOVE TO CITY (ALREADY THERE), COMPLETE, 39:20
196, 4, 17104975, MOVE TO CITY(32 16), BEGIN, 39:20
196, 4, 17170468, MOVE TO CITY(32 16), BEGIN, 39:20
196, 5, 23461946, MOVE TO CITY (ALREADY THERE), COMPLETE, 61:11
196, 5, 23461946, GAIN SOURCES, BEGIN, 61:11
196, 6, 20512831, MOVE TO CITY (ALREADY THERE), COMPLETE, 61:11
196, 6, 20512831, GAIN SOURCES, BEGIN, 61:11
196, 6, 20643899, MOVE TO CITY (ALREADY THERE), COMPLETE, 25:20
196, 6, 20578364, MOVE TO CITY (ALREADY THERE), COMPLETE, 61:11
196, 6, 20578364, GAIN SOURCES, BEGIN, 61:11
196, 7, 16646225, MOVE TO CITY(32 16), BEGIN, 61:11
197, 1, 15925281, MOVE TO CITY(32 16), BEGIN, 66:21
197, 1, 16449572, MOVE TO CITY (ALREADY THERE), COMPLETE, 32:16
197, 1, 16449572, GAIN SOURCES, BEGIN, 32:16
197, 4, 17367117, MOVE TO CITY(24 24), BEGIN, 39:20
197, 5, 23724079, MOVE TO CITY (ALREADY THERE), COMPLETE, 61:11
197, 5, 23724079, GAIN SOURCES, BEGIN, 61:11
197, 5, 23789570, MOVE TO CITY (ALREADY THERE), COMPLETE, 61:11
197, 5, 23789570, GAIN SOURCES, BEGIN, 61:11
197, 5, 23855188, MOVE TO CITY (ALREADY THERE), COMPLETE, 61:11
197, 5, 23855188, GAIN SOURCES, BEGIN, 61:11
197, 6, 20643899, MOVE TO CITY(61 11), BEGIN, 25:20
198, 2, 11730979, MOVE TO CITY (ALREADY THERE), COMPLETE, 61:11
198, 2, 11730979, GAIN SOURCES, BEGIN, 61:11
198, 2, 11075598, MOVE TO CITY(22 10), BEGIN, 66:21
198, 2, 11141145, MOVE TO CITY(22 10), BEGIN, 66:21
198, 4, 16777297, MOVE TO CITY(39 20), BEGIN, 32:16
198, 7, 17563736, MOVE TO CITY (ALREADY THERE), COMPLETE, 32:16
198, 7, 17563736, MOVE TO CITY(61 11), BEGIN, 32:16
198, 7, 17629273, MOVE TO CITY (ALREADY THERE), COMPLETE, 32:16
198, 7, 17629273, MOVE TO CITY(61 11), BEGIN, 32:16
199, 2, 11796505, MOVE TO CITY (ALREADY THERE), COMPLETE, 22:10
199, 2, 11862030, MOVE TO CITY (ALREADY THERE), COMPLETE, 22:10
199, 4, 17694801, MOVE TO CITY (ALREADY THERE), COMPLETE, 39:20
199, 6, 21233677, MOVE TO CITY (ALREADY THERE), COMPLETE, 61:11
199, 6, 21233677, GAIN SOURCES, BEGIN, 61:11
199, 7, 17956953, MOVE TO CITY (ALREADY THERE), COMPLETE, 61:11
199, 7, 18022488, MOVE TO CITY (ALREADY THERE), COMPLETE, 61:11
200, 2, 11796505, MOVE TO CITY(61 11), BEGIN, 22:10
200, 2, 11862030, MOVE TO CITY(61 11), BEGIN, 22:10
200, 4, 17956871, MOVE TO CITY (ALREADY THERE), COMPLETE, 32:16
200, 4, 17956871, MOVE TO CITY(39 20), BEGIN, 32:16
200, 4, 18022441, MOVE TO CITY (ALREADY THERE), COMPLETE, 32:16
200, 4, 18022441, MOVE TO CITY(39 20), BEGIN, 32:16
200, 4, 18087985, MOVE TO CITY (ALREADY THERE), COMPLETE, 24:24
200, 4, 18087985, GAIN SOURCES, BEGIN, 24:24
200, 4, 17694801, MOVE TO CITY(43 10), BEGIN, 39:20
200, 5, 23265363, MOVE TO CITY(53 27), BEGIN, 61:11
200, 5, 23330837, MOVE TO CITY(53 27), BEGIN, 61:11
200, 6, 19988529, MOVE TO CITY(25 20), BEGIN, 61:11
200, 6, 20054056, MOVE TO CITY(25 20), BEGIN, 61:11
200, 7, 18022488, MOVE TO CITY(32 16), BEGIN, 61:11
200, 7, 17956953, MOVE TO CITY(32 16), BEGIN, 61:11
200, 7, 18284636, MOVE TO CITY (ALREADY THERE), COMPLETE, 32:16
200, 7, 18284636, MOVE TO CITY(61 11), BEGIN, 32:16
201, 1, 16842752, MOVE TO CITY (ALREADY THERE), COMPLETE, 32:16
201, 1, 16842752, GAIN SOURCES, BEGIN, 32:16
201, 4, 18284625, MOVE TO CITY (ALREADY THERE), COMPLETE, 39:20
201, 4, 18350160, MOVE TO CITY (ALREADY THERE), COMPLETE, 39:20
201, 5, 23461946, MOVE TO CITY(53 27), BEGIN, 61:11
201, 5, 24576083, MOVE TO CITY (ALREADY THERE), COMPLETE, 53:27
201, 5, 24641607, MOVE TO CITY (ALREADY THERE), COMPLETE, 53:27
201, 6, 21692465, MOVE TO CITY (ALREADY THERE), COMPLETE, 25:20
201, 6, 20512831, MOVE TO CITY(25 20), BEGIN, 61:11
201, 6, 20578364, MOVE TO CITY(25 20), BEGIN, 61:11
201, 6, 21757992, MOVE TO CITY (ALREADY THERE), COMPLETE, 25:20
201, 7, 18612317, MOVE TO CITY (ALREADY THERE), COMPLETE, 61:11
202, 1, 16449572, MOVE TO CITY(37 10), BEGIN, 32:16
202, 2, 12124174, MOVE TO CITY (ALREADY THERE), COMPLETE, 61:11
202, 2, 12124174, GAIN SOURCES, BEGIN, 61:11
202, 2, 12189726, MOVE TO CITY (ALREADY THERE), COMPLETE, 61:11
202, 2, 12189726, GAIN SOURCES, BEGIN, 61:11
202, 4, 18481170, MOVE TO CITY(24 24), BEGIN, 44:20
202, 4, 18284625, MOVE TO CITY(24 24), BEGIN, 39:20
202, 4, 18415657, MOVE TO CITY (ALREADY THERE), COMPLETE, 43:10
202, 4, 18415657, GAIN SOURCES, BEGIN, 43:10
202, 4, 18350160, MOVE TO CITY(24 24), BEGIN, 39:20
202, 5, 24641607, MOVE TO CITY(61 11), BEGIN, 53:27
202, 5, 24772668, MOVE TO CITY (ALREADY THERE), COMPLETE, 53:27
202, 5, 23724079, MOVE TO CITY(53 27), BEGIN, 61:11
202, 5, 23789570, MOVE TO CITY(53 27), BEGIN, 61:11
202, 5, 24576083, MOVE TO CITY(61 11), BEGIN, 53:27
202, 5, 23855188, MOVE TO CITY(53 27), BEGIN, 61:11
202, 6, 21692465, MOVE TO CITY(61 11), BEGIN, 25:20
202, 6, 21889087, MOVE TO CITY (ALREADY THERE), COMPLETE, 25:20
202, 6, 21954620, MOVE TO CITY (ALREADY THERE), COMPLETE, 25:20
202, 6, 21757992, MOVE TO CITY(61 11), BEGIN, 25:20
202, 7, 18612317, MOVE TO CITY(32 16), BEGIN, 61:11
203, 2, 11730979, MOVE TO CITY(22 10), BEGIN, 61:11
203, 5, 24772668, MOVE TO CITY(61 11), BEGIN, 53:27
203, 5, 24903764, MOVE TO CITY (ALREADY THERE), COMPLETE, 53:27
203, 5, 24969299, MOVE TO CITY (ALREADY THERE), COMPLETE, 53:27
203, 5, 25034823, MOVE TO CITY (ALREADY THERE), COMPLETE, 53:27
203, 6, 21954620, MOVE TO CITY(61 11), BEGIN, 25:20
203, 6, 21889087, MOVE TO CITY(61 11), BEGIN, 25:20
204, 1, 17039404, MOVE TO CITY (ALREADY THERE), COMPLETE, 37:10
204, 2, 12451875, MOVE TO CITY (ALREADY THERE), COMPLETE, 22:10
204, 5, 25100348, MOVE TO CITY (ALREADY THERE), COMPLETE, 61:11
204, 5, 25100348, MOVE TO CITY(53 27), BEGIN, 61:11
204, 5, 24903764, MOVE TO CITY(61 11), BEGIN, 53:27
204, 5, 24969299, MOVE TO CITY(61 11), BEGIN, 53:27
204, 5, 25165859, MOVE TO CITY (ALREADY THERE), COMPLETE, 61:11
204, 5, 25165859, MOVE TO CITY(53 27), BEGIN, 61:11
204, 5, 25034823, MOVE TO CITY(61 11), BEGIN, 53:27
204, 6, 22282305, MOVE TO CITY (ALREADY THERE), COMPLETE, 61:11
204, 6, 22282305, MOVE TO CITY(25 20), BEGIN, 61:11
204, 6, 21233677, MOVE TO CITY(25 20), BEGIN, 61:11
204, 6, 22347839, MOVE TO CITY (ALREADY THERE), COMPLETE, 61:11
204, 6, 22347839, MOVE TO CITY(25 20), BEGIN, 61:11
204, 7, 19267585, MOVE TO CITY (ALREADY THERE), COMPLETE, 32:16
204, 7, 19267585, MOVE TO CITY(61 11), BEGIN, 32:16
204, 7, 19333175, MOVE TO CITY (ALREADY THERE), COMPLETE, 32:16
204, 7, 19333175, MOVE TO CITY(61 11), BEGIN, 32:16
205, 1, 17039404, MOVE TO CITY(32 16), BEGIN, 37:10
205, 2, 12451875, MOVE TO CITY(61 11), BEGIN, 22:10
205, 4, 19071048, MOVE TO CITY (ALREADY THERE), COMPLETE, 24:24
205, 4, 19071048, UNITOPERATION_SPY_STEAL_TECH_BOOST, BEGIN, 25:26
205, 4, 18087985, UNITOPERATION_SPY_STEAL_TECH_BOOST, BEGIN, 25:26
205, 4, 19136574, MOVE TO CITY (ALREADY THERE), COMPLETE, 24:24
205, 4, 19136574, UNITOPERATION_SPY_STEAL_TECH_BOOST, BEGIN, 25:26
205, 4, 19202074, MOVE TO CITY (ALREADY THERE), COMPLETE, 24:24
205, 4, 19202074, UNITOPERATION_SPY_STEAL_TECH_BOOST, BEGIN, 25:26
205, 5, 25493587, MOVE TO CITY (ALREADY THERE), COMPLETE, 53:27
205, 5, 25428052, MOVE TO CITY (ALREADY THERE), COMPLETE, 61:11
205, 5, 25428052, MOVE TO CITY(53 27), BEGIN, 61:11
205, 5, 25559111, MOVE TO CITY (ALREADY THERE), COMPLETE, 53:27
205, 6, 22675495, MOVE TO CITY (ALREADY THERE), COMPLETE, 25:20
205, 6, 22544449, MOVE TO CITY (ALREADY THERE), COMPLETE, 61:11
205, 6, 22544449, MOVE TO CITY(25 20), BEGIN, 61:11
205, 6, 22609983, MOVE TO CITY (ALREADY THERE), COMPLETE, 61:11
205, 6, 22609983, MOVE TO CITY(25 20), BEGIN, 61:11
205, 6, 22741005, MOVE TO CITY (ALREADY THERE), COMPLETE, 25:20
205, 6, 22806540, MOVE TO CITY (ALREADY THERE), COMPLETE, 25:20
205, 7, 19595357, MOVE TO CITY (ALREADY THERE), COMPLETE, 61:11
205, 7, 19660855, MOVE TO CITY (ALREADY THERE), COMPLETE, 61:11
206, 1, 16842752, MOVE TO CITY(37 10), BEGIN, 32:16
206, 5, 25493587, MOVE TO CITY(61 11), BEGIN, 53:27
206, 5, 26083418, MOVE TO CITY (ALREADY THERE), COMPLETE, 53:27
206, 5, 25886804, MOVE TO CITY (ALREADY THERE), COMPLETE, 61:11
206, 5, 25886804, MOVE TO CITY(53 27), BEGIN, 61:11
206, 5, 25952291, MOVE TO CITY (ALREADY THERE), COMPLETE, 61:11
206, 5, 25952291, MOVE TO CITY(53 27), BEGIN, 61:11
206, 5, 25559111, MOVE TO CITY(61 11), BEGIN, 53:27
206, 5, 26017809, MOVE TO CITY (ALREADY THERE), COMPLETE, 61:11
206, 5, 26017809, MOVE TO CITY(53 27), BEGIN, 61:11
206, 6, 22675495, MOVE TO CITY(17 13), BEGIN, 25:20
206, 6, 23003203, MOVE TO CITY (ALREADY THERE), COMPLETE, 25:20
206, 6, 23068737, MOVE TO CITY (ALREADY THERE), COMPLETE, 25:20
206, 6, 22741005, MOVE TO CITY(17 13), BEGIN, 25:20
206, 6, 22806540, MOVE TO CITY(17 13), BEGIN, 25:20
206, 7, 19595357, MOVE TO CITY(32 16), BEGIN, 61:11
206, 7, 19660855, MOVE TO CITY(32 16), BEGIN, 61:11
206, 7, 19857508, MOVE TO CITY (ALREADY THERE), COMPLETE, 32:16
206, 7, 19857508, MOVE TO CITY(61 11), BEGIN, 32:16
207, 2, 12582947, MOVE TO CITY (ALREADY THERE), COMPLETE, 61:11
207, 2, 12582947, MOVE TO CITY(22 10), BEGIN, 61:11
207, 2, 12124174, MOVE TO CITY(22 10), BEGIN, 61:11
207, 2, 12189726, MOVE TO CITY(22 10), BEGIN, 61:11
207, 4, 18415657, UNITOPERATION_SPY_STEAL_TECH_BOOST, BEGIN, 43:11
207, 5, 26280020, MOVE TO CITY (ALREADY THERE), COMPLETE, 53:27
207, 5, 26345555, MOVE TO CITY (ALREADY THERE), COMPLETE, 53:27
207, 5, 26083418, MOVE TO CITY(61 11), BEGIN, 53:27
207, 5, 26411079, MOVE TO CITY (ALREADY THERE), COMPLETE, 53:27
207, 6, 23068737, MOVE TO CITY(17 13), BEGIN, 25:20
207, 6, 23003203, MOVE TO CITY(17 13), BEGIN, 25:20
207, 7, 20185188, MOVE TO CITY (ALREADY THERE), COMPLETE, 61:11
208, 1, 17301526, MOVE TO CITY (ALREADY THERE), COMPLETE, 37:10
208, 1, 17367079, MOVE TO CITY(32 16), BEGIN, 39:13
208, 2, 12648483, MOVE TO CITY (ALREADY THERE), COMPLETE, 22:10
208, 2, 12714014, MOVE TO CITY (ALREADY THERE), COMPLETE, 22:10
208, 2, 12779534, MOVE TO CITY (ALREADY THERE), COMPLETE, 22:10
208, 5, 26607706, MOVE TO CITY (ALREADY THERE), COMPLETE, 61:11
208, 5, 26607706, MOVE TO CITY(53 27), BEGIN, 61:11
208, 5, 26280020, MOVE TO CITY(61 11), BEGIN, 53:27
208, 5, 26345555, MOVE TO CITY(61 11), BEGIN, 53:27
208, 5, 26673229, MOVE TO CITY (ALREADY THERE), COMPLETE, 61:11
208, 5, 26673229, MOVE TO CITY(53 27), BEGIN, 61:11
208, 5, 26411079, MOVE TO CITY(61 11), BEGIN, 53:27
208, 7, 20185188, MOVE TO CITY(32 16), BEGIN, 61:11
209, 1, 17301526, MOVE TO CITY(32 16), BEGIN, 37:10
209, 1, 17563687, MOVE TO CITY (ALREADY THERE), COMPLETE, 32:16
209, 1, 17563687, MOVE TO CITY(37 10), BEGIN, 32:16
209, 2, 12648483, MOVE TO CITY(61 11), BEGIN, 22:10
209, 2, 12714014, MOVE TO CITY(61 11), BEGIN, 22:10
209, 2, 12779534, MOVE TO CITY(61 11), BEGIN, 22:10
209, 5, 27197524, MOVE TO CITY (ALREADY THERE), COMPLETE, 53:27
209, 5, 27263059, MOVE TO CITY (ALREADY THERE), COMPLETE, 53:27
209, 5, 27131994, MOVE TO CITY (ALREADY THERE), COMPLETE, 61:11
209, 5, 27131994, MOVE TO CITY(53 27), BEGIN, 61:11
209, 6, 23593030, MOVE TO CITY (ALREADY THERE), COMPLETE, 17:13
209, 6, 23593030, GAIN SOURCES, BEGIN, 17:13
209, 6, 23658561, MOVE TO CITY (ALREADY THERE), COMPLETE, 17:13
209, 6, 23658561, GAIN SOURCES, BEGIN, 17:13
209, 6, 23724092, MOVE TO CITY (ALREADY THERE), COMPLETE, 17:13
209, 6, 23724092, GAIN SOURCES, BEGIN, 17:13
210, 1, 17694759, MOVE TO CITY(32 16), BEGIN, 39:13
210, 4, 18087985, UNITOPERATION_SPY_STEAL_TECH_BOOST, COMPLETE, 25:26
210, 4, 19136574, UNITOPERATION_SPY_STEAL_TECH_BOOST, COMPLETE, 25:26
210, 4, 19202074, UNITOPERATION_SPY_STEAL_TECH_BOOST, COMPLETE, 24:24
210, 5, 27263059, MOVE TO CITY(61 11), BEGIN, 53:27
210, 5, 27197524, MOVE TO CITY(61 11), BEGIN, 53:27
210, 5, 27394138, MOVE TO CITY (ALREADY THERE), COMPLETE, 61:11
210, 5, 27394138, MOVE TO CITY(53 27), BEGIN, 61:11
210, 5, 27459669, MOVE TO CITY (ALREADY THERE), COMPLETE, 61:11
210, 5, 27459669, MOVE TO CITY(53 27), BEGIN, 61:11
210, 5, 27590693, MOVE TO CITY (ALREADY THERE), COMPLETE, 53:27
210, 5, 27525180, MOVE TO CITY (ALREADY THERE), COMPLETE, 61:11
210, 5, 27525180, MOVE TO CITY(53 27), BEGIN, 61:11
210, 6, 23855133, MOVE TO CITY (ALREADY THERE), COMPLETE, 17:13
210, 6, 23855133, GAIN SOURCES, BEGIN, 17:13
210, 6, 23920648, MOVE TO CITY (ALREADY THERE), COMPLETE, 17:13
210, 6, 23920648, GAIN SOURCES, BEGIN, 17:13
210, 7, 20709462, MOVE TO CITY (ALREADY THERE), COMPLETE, 32:16
210, 7, 20709462, MOVE TO CITY(61 11), BEGIN, 32:16
210, 7, 20840484, MOVE TO CITY(32 16), BEGIN, 57:12
210, 7, 20774997, MOVE TO CITY (ALREADY THERE), COMPLETE, 32:16
210, 7, 20774997, MOVE TO CITY(61 11), BEGIN, 32:16
211, 1, 17825831, MOVE TO CITY (ALREADY THERE), COMPLETE, 37:10
211, 2, 13107230, MOVE TO CITY (ALREADY THERE), COMPLETE, 61:11
211, 2, 13107230, MOVE TO CITY(22 10), BEGIN, 61:11
211, 2, 13172750, MOVE TO CITY (ALREADY THERE), COMPLETE, 61:11
211, 2, 13172750, MOVE TO CITY(22 10), BEGIN, 61:11
211, 2, 13238277, MOVE TO CITY (ALREADY THERE), COMPLETE, 61:11
211, 2, 13238277, MOVE TO CITY(22 10), BEGIN, 61:11
211, 4, 19202074, MOVE TO CITY(40 7), BEGIN, 24:24
211, 5, 27983962, MOVE TO CITY (ALREADY THERE), COMPLETE, 53:27
211, 5, 28049493, MOVE TO CITY (ALREADY THERE), COMPLETE, 53:27
211, 5, 27590693, MOVE TO CITY(61 11), BEGIN, 53:27
211, 5, 28115028, MOVE TO CITY (ALREADY THERE), COMPLETE, 53:27
211, 7, 21037149, MOVE TO CITY (ALREADY THERE), COMPLETE, 61:11
211, 7, 21102678, MOVE TO CITY (ALREADY THERE), COMPLETE, 61:11
212, 1, 17825831, MOVE TO CITY(44 20), BEGIN, 37:10
212, 1, 18022402, MOVE TO CITY (ALREADY THERE), COMPLETE, 32:16
212, 1, 18022402, MOVE TO CITY(37 10), BEGIN, 32:16
212, 2, 13303838, MOVE TO CITY (ALREADY THERE), COMPLETE, 22:10
212, 2, 13369358, MOVE TO CITY (ALREADY THERE), COMPLETE, 22:10
212, 2, 13434885, MOVE TO CITY (ALREADY THERE), COMPLETE, 22:10
212, 4, 18415657, UNITOPERATION_SPY_STEAL_TECH_BOOST, COMPLETE, 43:10
212, 5, 28442702, MOVE TO CITY (ALREADY THERE), COMPLETE, 61:11
212, 5, 28442702, MOVE TO CITY(53 27), BEGIN, 61:11
212, 5, 28508216, MOVE TO CITY (ALREADY THERE), COMPLETE, 61:11
212, 5, 28508216, MOVE TO CITY(53 27), BEGIN, 61:11
212, 5, 27983962, MOVE TO CITY(61 11), BEGIN, 53:27
212, 5, 28049493, MOVE TO CITY(61 11), BEGIN, 53:27
212, 5, 28115028, MOVE TO CITY(61 11), BEGIN, 53:27
212, 7, 21037149, MOVE TO CITY(32 16), BEGIN, 61:11
212, 7, 21102678, MOVE TO CITY(32 16), BEGIN, 61:11
212, 7, 21364816, MOVE TO CITY (ALREADY THERE), COMPLETE, 32:16
212, 7, 21364816, MOVE TO CITY(61 11), BEGIN, 32:16
213, 1, 18153511, MOVE TO CITY (ALREADY THERE), COMPLETE, 32:16
213, 1, 18153511, MOVE TO CITY(37 10), BEGIN, 32:16
213, 2, 13303838, MOVE TO CITY(61 11), BEGIN, 22:10
213, 2, 13369358, MOVE TO CITY(61 11), BEGIN, 22:10
213, 2, 13434885, MOVE TO CITY(61 11), BEGIN, 22:10
213, 4, 18415657, MOVE TO CITY(40 7), BEGIN, 43:10
213, 4, 20250624, MOVE TO CITY(40 7), BEGIN, 39:20
213, 4, 20185152, MOVE TO CITY (ALREADY THERE), COMPLETE, 40:7
213, 4, 20185152, GAIN SOURCES, BEGIN, 40:7
213, 5, 28770389, MOVE TO CITY (ALREADY THERE), COMPLETE, 53:27
213, 5, 28835924, MOVE TO CITY (ALREADY THERE), COMPLETE, 53:27
213, 5, 28704858, MOVE TO CITY (ALREADY THERE), COMPLETE, 61:11
213, 5, 28704858, MOVE TO CITY(53 27), BEGIN, 61:11
213, 7, 21626973, MOVE TO CITY (ALREADY THERE), COMPLETE, 61:11
214, 1, 18284583, MOVE TO CITY (ALREADY THERE), COMPLETE, 32:16
214, 1, 18284583, MOVE TO CITY(37 10), BEGIN, 32:16
214, 1, 18350082, MOVE TO CITY (ALREADY THERE), COMPLETE, 44:20
214, 1, 18350082, GAIN SOURCES, BEGIN, 44:20
214, 1, 18415668, MOVE TO CITY (ALREADY THERE), COMPLETE, 37:10
214, 4, 20447294, MOVE TO CITY(40 7), BEGIN, 39:39
214, 4, 20316201, MOVE TO CITY(40 7), BEGIN, 41:17
214, 4, 20250624, MOVE TO CITY(40 7), BEGIN, 39:20
214, 5, 28770389, MOVE TO CITY(61 11), BEGIN, 53:27
214, 5, 28835924, MOVE TO CITY(61 11), BEGIN, 53:27
214, 5, 28967002, MOVE TO CITY (ALREADY THERE), COMPLETE, 61:11
214, 5, 28967002, MOVE TO CITY(53 27), BEGIN, 61:11
214, 5, 29032504, MOVE TO CITY (ALREADY THERE), COMPLETE, 61:11
214, 5, 29032504, MOVE TO CITY(53 27), BEGIN, 61:11
214, 5, 29163554, MOVE TO CITY (ALREADY THERE), COMPLETE, 53:27
214, 5, 29098044, MOVE TO CITY (ALREADY THERE), COMPLETE, 61:11
214, 5, 29098044, MOVE TO CITY(53 27), BEGIN, 61:11
214, 6, 23593030, UNITOPERATION_SPY_STEAL_TECH_BOOST, BEGIN, 18:13
214, 6, 23658561, UNITOPERATION_SPY_STEAL_TECH_BOOST, BEGIN, 18:13
214, 6, 23724092, UNITOPERATION_SPY_STEAL_TECH_BOOST, BEGIN, 18:13
214, 7, 21889108, MOVE TO CITY (ALREADY THERE), COMPLETE, 32:16
214, 7, 21889108, MOVE TO CITY(61 11), BEGIN, 32:16
214, 7, 21626973, MOVE TO CITY(32 16), BEGIN, 61:11
215, 1, 18481199, MOVE TO CITY (ALREADY THERE), COMPLETE, 37:10
215, 1, 18415668, MOVE TO CITY(44 20), BEGIN, 37:10
215, 2, 13762565, MOVE TO CITY (ALREADY THERE), COMPLETE, 61:11
215, 2, 13762565, MOVE TO CITY(22 10), BEGIN, 61:11
215, 2, 13828139, MOVE TO CITY (ALREADY THERE), COMPLETE, 61:11
215, 2, 13828139, MOVE TO CITY(22 10), BEGIN, 61:11
215, 2, 13893676, MOVE TO CITY (ALREADY THERE), COMPLETE, 61:11
215, 2, 13893676, MOVE TO CITY(22 10), BEGIN, 61:11
215, 4, 20578372, MOVE TO CITY (ALREADY THERE), COMPLETE, 40:7
215, 4, 20578372, GAIN SOURCES, BEGIN, 40:7
215, 5, 29163554, MOVE TO CITY(61 11), BEGIN, 53:27
215, 5, 29556826, MOVE TO CITY (ALREADY THERE), COMPLETE, 53:27
215, 5, 29622358, MOVE TO CITY (ALREADY THERE), COMPLETE, 53:27
215, 5, 29687893, MOVE TO CITY (ALREADY THERE), COMPLETE, 53:27
215, 6, 23855133, UNITOPERATION_SPY_STEAL_TECH_BOOST, BEGIN, 18:13
215, 6, 23920648, UNITOPERATION_SPY_STEAL_TECH_BOOST, BEGIN, 18:13
215, 7, 22216802, MOVE TO CITY (ALREADY THERE), COMPLETE, 61:11
216, 1, 18677812, MOVE TO CITY (ALREADY THERE), COMPLETE, 37:10
216, 1, 18481199, MOVE TO CITY(32 16), BEGIN, 37:10
216, 2, 14090284, MOVE TO CITY (ALREADY THERE), COMPLETE, 22:10
216, 2, 14155819, MOVE TO CITY (ALREADY THERE), COMPLETE, 22:10
216, 2, 14221317, MOVE TO CITY (ALREADY THERE), COMPLETE, 22:10
216, 4, 20643906, MOVE TO CITY (ALREADY THERE), COMPLETE, 40:7
216, 4, 20643906, GAIN SOURCES, BEGIN, 40:7
216, 4, 20709438, MOVE TO CITY (ALREADY THERE), COMPLETE, 40:7
216, 4, 20709438, GAIN SOURCES, BEGIN, 40:7
216, 4, 20774954, MOVE TO CITY (ALREADY THERE), COMPLETE, 40:7
216, 4, 20774954, GAIN SOURCES, BEGIN, 40:7
216, 5, 29884510, MOVE TO CITY (ALREADY THERE), COMPLETE, 61:11
216, 5, 29884510, MOVE TO CITY(53 27), BEGIN, 61:11
216, 5, 29687893, MOVE TO CITY(61 11), BEGIN, 53:27
216, 5, 29950017, MOVE TO CITY (ALREADY THERE), COMPLETE, 61:11
216, 5, 29950017, MOVE TO CITY(53 27), BEGIN, 61:11
216, 5, 29556826, MOVE TO CITY(61 11), BEGIN, 53:27
216, 5, 29622358, MOVE TO CITY(61 11), BEGIN, 53:27
216, 7, 22216802, MOVE TO CITY(32 16), BEGIN, 61:11
216, 7, 22413399, MOVE TO CITY (ALREADY THERE), COMPLETE, 32:16
216, 7, 22413399, MOVE TO CITY(61 11), BEGIN, 32:16
216, 7, 22478913, MOVE TO CITY (ALREADY THERE), COMPLETE, 32:16
216, 7, 22478913, MOVE TO CITY(61 11), BEGIN, 32:16
217, 1, 18677812, MOVE TO CITY(32 16), BEGIN, 37:10
217, 1, 18808879, MOVE TO CITY (ALREADY THERE), COMPLETE, 44:20
217, 1, 18808879, GAIN SOURCES, BEGIN, 44:20
217, 2, 14221317, MOVE TO CITY(61 11), BEGIN, 22:10
217, 2, 14090284, MOVE TO CITY(61 11), BEGIN, 22:10
217, 2, 14155819, MOVE TO CITY(61 11), BEGIN, 22:10
217, 5, 30146650, MOVE TO CITY (ALREADY THERE), COMPLETE, 53:27
217, 5, 30081118, MOVE TO CITY (ALREADY THERE), COMPLETE, 61:11
217, 5, 30081118, MOVE TO CITY(53 27), BEGIN, 61:11
217, 5, 30212182, MOVE TO CITY (ALREADY THERE), COMPLETE, 53:27
217, 7, 22741093, MOVE TO CITY (ALREADY THERE), COMPLETE, 61:11
217, 7, 22806626, MOVE TO CITY (ALREADY THERE), COMPLETE, 61:11
218, 4, 20185152, MOVE TO CITY(39 20), BEGIN, 40:7
218, 5, 30212182, MOVE TO CITY(61 11), BEGIN, 53:27
218, 5, 30605370, MOVE TO CITY (ALREADY THERE), COMPLETE, 53:27
218, 5, 30408798, MOVE TO CITY (ALREADY THERE), COMPLETE, 61:11
218, 5, 30408798, MOVE TO CITY(53 27), BEGIN, 61:11
218, 5, 30146650, MOVE TO CITY(61 11), BEGIN, 53:27
218, 5, 30474242, MOVE TO CITY (ALREADY THERE), COMPLETE, 61:11
218, 5, 30474242, MOVE TO CITY(53 27), BEGIN, 61:11
218, 5, 30539841, MOVE TO CITY (ALREADY THERE), COMPLETE, 61:11
218, 5, 30539841, MOVE TO CITY(53 27), BEGIN, 61:11
218, 7, 22806626, MOVE TO CITY(32 16), BEGIN, 61:11
218, 7, 22741093, MOVE TO CITY(32 16), BEGIN, 61:11
218, 7, 23003174, MOVE TO CITY (ALREADY THERE), COMPLETE, 32:16
218, 7, 23003174, GAIN SOURCES, BEGIN, 32:16
219, 1, 18350082, MOVE TO CITY(37 10), BEGIN, 44:20
219, 2, 14549034, MOVE TO CITY (ALREADY THERE), COMPLETE, 61:11
219, 2, 14549034, MOVE TO CITY(22 10), BEGIN, 61:11
219, 2, 14614543, MOVE TO CITY (ALREADY THERE), COMPLETE, 61:11
219, 2, 14614543, MOVE TO CITY(22 10), BEGIN, 61:11
219, 2, 14680069, MOVE TO CITY (ALREADY THERE), COMPLETE, 61:11
219, 2, 14680069, MOVE TO CITY(22 10), BEGIN, 61:11
219, 4, 21233728, MOVE TO CITY (ALREADY THERE), COMPLETE, 39:20
219, 5, 30605370, MOVE TO CITY(61 11), BEGIN, 53:27
219, 5, 31064158, MOVE TO CITY (ALREADY THERE), COMPLETE, 53:27
219, 5, 31129692, MOVE TO CITY (ALREADY THERE), COMPLETE, 53:27
219, 5, 31195226, MOVE TO CITY (ALREADY THERE), COMPLETE, 53:27
219, 6, 23593030, UNITOPERATION_SPY_STEAL_TECH_BOOST, COMPLETE, 18:13
219, 6, 23658561, UNITOPERATION_SPY_STEAL_TECH_BOOST, COMPLETE, 17:13
219, 6, 23724092, UNITOPERATION_SPY_STEAL_TECH_BOOST, COMPLETE, 17:13
220, 1, 19070978, MOVE TO CITY (ALREADY THERE), COMPLETE, 32:16
220, 1, 19070978, MOVE TO CITY(37 10), BEGIN, 32:16
220, 2, 14811178, MOVE TO CITY (ALREADY THERE), COMPLETE, 22:10
220, 2, 14876687, MOVE TO CITY (ALREADY THERE), COMPLETE, 22:10
220, 2, 14942214, MOVE TO CITY (ALREADY THERE), COMPLETE, 22:10
220, 4, 20578372, MOVE TO CITY(39 20), BEGIN, 40:7
220, 4, 21233728, MOVE TO CITY(40 7), BEGIN, 39:20
220, 5, 31326266, MOVE TO CITY (ALREADY THERE), COMPLETE, 61:11
220, 5, 31326266, UNITOPERATION_SPY_STEAL_TECH_BOOST, BEGIN, 60:9
220, 5, 31391764, MOVE TO CITY (ALREADY THERE), COMPLETE, 61:11
220, 5, 31391764, UNITOPERATION_SPY_STEAL_TECH_BOOST, BEGIN, 60:9
220, 5, 31195226, MOVE TO CITY(64 13), BEGIN, 53:27
220, 5, 31064158, MOVE TO CITY(64 13), BEGIN, 53:27
220, 5, 31129692, MOVE TO CITY(64 13), BEGIN, 53:27
220, 6, 23855133, UNITOPERATION_SPY_STEAL_TECH_BOOST, COMPLETE, 18:13
220, 6, 23920648, UNITOPERATION_SPY_STEAL_TECH_BOOST, COMPLETE, 18:13
220, 6, 23658561, MOVE TO CITY(61 11), BEGIN, 17:13
220, 6, 23724092, MOVE TO CITY(61 11), BEGIN, 17:13
220, 7, 23265365, MOVE TO CITY (ALREADY THERE), COMPLETE, 32:16
220, 7, 23265365, GAIN SOURCES, BEGIN, 32:16
221, 1, 19202050, MOVE TO CITY (ALREADY THERE), COMPLETE, 32:16
221, 1, 19202050, MOVE TO CITY(37 10), BEGIN, 32:16
221, 1, 19267639, MOVE TO CITY (ALREADY THERE), COMPLETE, 37:10
221, 2, 14811178, MOVE TO CITY(61 11), BEGIN, 22:10
221, 2, 14876687, MOVE TO CITY(61 11), BEGIN, 22:10
221, 2, 14942214, MOVE TO CITY(61 11), BEGIN, 22:10
221, 4, 20643906, MOVE TO CITY(39 20), BEGIN, 40:7
221, 4, 20709438, MOVE TO CITY(39 20), BEGIN, 40:7
221, 4, 21692492, MOVE TO CITY (ALREADY THERE), COMPLETE, 39:20
221, 4, 20774954, MOVE TO CITY(39 20), BEGIN, 40:7
221, 5, 31653982, MOVE TO CITY (ALREADY THERE), COMPLETE, 61:11
221, 5, 31653982, UNITOPERATION_SPY_STEAL_TECH_BOOST, BEGIN, 60:9
221, 6, 25755713, MOVE TO CITY(61 11), BEGIN, 25:20
222, 1, 19529738, MOVE TO CITY (ALREADY THERE), COMPLETE, 37:10
222, 1, 19267639, MOVE TO CITY(44 20), BEGIN, 37:10
222, 1, 18808879, MOVE TO CITY(37 10), BEGIN, 44:20
222, 4, 21692492, MOVE TO CITY(40 7), BEGIN, 39:20
222, 4, 21954622, MOVE TO CITY (ALREADY THERE), COMPLETE, 39:20
222, 4, 22020155, MOVE TO CITY (ALREADY THERE), COMPLETE, 39:20
222, 4, 22085674, MOVE TO CITY (ALREADY THERE), COMPLETE, 39:20
222, 4, 21889090, MOVE TO CITY (ALREADY THERE), COMPLETE, 40:7
222, 4, 21889090, MOVE TO CITY(39 20), BEGIN, 40:7
222, 5, 32047127, MOVE TO CITY (ALREADY THERE), COMPLETE, 64:13
222, 5, 32047127, UNITOPERATION_SPY_SIPHON_FUNDS, BEGIN, 65:11
222, 5, 32112643, MOVE TO CITY (ALREADY THERE), COMPLETE, 64:13
222, 5, 32112643, UNITOPERATION_SPY_SIPHON_FUNDS, BEGIN, 65:11
222, 5, 32178178, MOVE TO CITY (ALREADY THERE), COMPLETE, 64:13
222, 5, 32178178, UNITOPERATION_SPY_SIPHON_FUNDS, BEGIN, 65:11
222, 6, 26017872, MOVE TO CITY (ALREADY THERE), COMPLETE, 61:11
222, 6, 26017872, MOVE TO CITY(25 20), BEGIN, 61:11
222, 6, 26083393, MOVE TO CITY (ALREADY THERE), COMPLETE, 61:11
222, 6, 26083393, MOVE TO CITY(25 20), BEGIN, 61:11
222, 7, 23724098, MOVE TO CITY (ALREADY THERE), COMPLETE, 32:16
222, 7, 23724098, GAIN SOURCES, BEGIN, 32:16
222, 7, 23789602, MOVE TO CITY (ALREADY THERE), COMPLETE, 32:16
222, 7, 23789602, GAIN SOURCES, BEGIN, 32:16
223, 1, 19726392, MOVE TO CITY (ALREADY THERE), COMPLETE, 37:10
223, 1, 19529738, MOVE TO CITY(44 20), BEGIN, 37:10
223, 2, 15269903, MOVE TO CITY (ALREADY THERE), COMPLETE, 61:11
223, 2, 15269903, UNITOPERATION_SPY_STEAL_TECH_BOOST, BEGIN, 60:9
223, 2, 15335430, MOVE TO CITY (ALREADY THERE), COMPLETE, 61:11
223, 2, 15335430, UNITOPERATION_SPY_STEAL_TECH_BOOST, BEGIN, 60:9
223, 2, 15401011, MOVE TO CITY (ALREADY THERE), COMPLETE, 61:11
223, 2, 15401011, UNITOPERATION_SPY_STEAL_TECH_BOOST, BEGIN, 60:9
223, 4, 22020155, MOVE TO CITY(40 7), BEGIN, 39:20
223, 4, 21954622, MOVE TO CITY(40 7), BEGIN, 39:20
223, 4, 22282316, MOVE TO CITY (ALREADY THERE), COMPLETE, 39:20
223, 4, 22085674, MOVE TO CITY(40 7), BEGIN, 39:20
223, 6, 26345552, MOVE TO CITY (ALREADY THERE), COMPLETE, 61:11
223, 6, 26345552, MOVE TO CITY(25 20), BEGIN, 61:11
223, 6, 26411073, MOVE TO CITY (ALREADY THERE), COMPLETE, 25:20
223, 6, 26476581, MOVE TO CITY (ALREADY THERE), COMPLETE, 25:20
223, 7, 23003174, MOVE TO CITY(61 11), BEGIN, 32:16
224, 1, 19726392, MOVE TO CITY(44 20), BEGIN, 37:10
224, 1, 19922954, MOVE TO CITY (ALREADY THERE), COMPLETE, 44:20
224, 1, 19922954, MOVE TO CITY(37 10), BEGIN, 44:20
224, 1, 19988527, MOVE TO CITY (ALREADY THERE), COMPLETE, 37:10
224, 4, 22413374, MOVE TO CITY (ALREADY THERE), COMPLETE, 40:7
224, 4, 22413374, MOVE TO CITY(39 20), BEGIN, 40:7
224, 4, 22282316, MOVE TO CITY(40 7), BEGIN, 39:20
224, 6, 26607696, MOVE TO CITY (ALREADY THERE), COMPLETE, 25:20
224, 6, 26411073, MOVE TO CITY(61 11), BEGIN, 25:20
224, 6, 26476581, MOVE TO CITY(61 11), BEGIN, 25:20
224, 7, 24051768, MOVE TO CITY (ALREADY THERE), COMPLETE, 61:11
225, 1, 19988527, MOVE TO CITY(44 20), BEGIN, 37:10
225, 1, 20054072, MOVE TO CITY (ALREADY THERE), COMPLETE, 44:20
225, 1, 20054072, MOVE TO CITY(37 10), BEGIN, 44:20
225, 4, 22675498, MOVE TO CITY (ALREADY THERE), COMPLETE, 39:20
225, 4, 22478924, MOVE TO CITY (ALREADY THERE), COMPLETE, 40:7
225, 4, 22478924, MOVE TO CITY(39 20), BEGIN, 40:7
225, 4, 22544446, MOVE TO CITY (ALREADY THERE), COMPLETE, 40:7
225, 4, 22544446, MOVE TO CITY(39 20), BEGIN, 40:7
225, 4, 22609979, MOVE TO CITY (ALREADY THERE), COMPLETE, 40:7
225, 4, 22609979, MOVE TO CITY(39 20), BEGIN, 40:7
225, 5, 31326266, UNITOPERATION_SPY_STEAL_TECH_BOOST, COMPLETE, 60:9
225, 5, 31391764, UNITOPERATION_SPY_STEAL_TECH_BOOST, COMPLETE, 60:9
225, 6, 26607696, MOVE TO CITY(61 11), BEGIN, 25:20
225, 7, 23265365, MOVE TO CITY(61 11), BEGIN, 32:16
225, 7, 24051768, MOVE TO CITY(24 24), BEGIN, 61:11
226, 1, 20250680, MOVE TO CITY (ALREADY THERE), COMPLETE, 44:20
226, 1, 20250680, MOVE TO CITY(37 10), BEGIN, 44:20
226, 1, 20316207, MOVE TO CITY (ALREADY THERE), COMPLETE, 37:10
226, 4, 22675498, MOVE TO CITY(40 7), BEGIN, 39:20
226, 4, 23003198, MOVE TO CITY (ALREADY THERE), COMPLETE, 39:20
226, 4, 23068731, MOVE TO CITY (ALREADY THERE), COMPLETE, 39:20
226, 4, 22937676, MOVE TO CITY (ALREADY THERE), COMPLETE, 40:7
226, 4, 22937676, MOVE TO CITY(39 20), BEGIN, 40:7
226, 4, 23134246, MOVE TO CITY (ALREADY THERE), COMPLETE, 39:20
226, 5, 31653982, UNITOPERATION_SPY_STEAL_TECH_BOOST, COMPLETE, 60:9
226, 6, 26935376, MOVE TO CITY (ALREADY THERE), COMPLETE, 61:11
226, 6, 26935376, UNITOPERATION_SPY_SIPHON_FUNDS, BEGIN, 62:12
226, 6, 27000862, MOVE TO CITY (ALREADY THERE), COMPLETE, 61:11
226, 6, 27000862, UNITOPERATION_SPY_SIPHON_FUNDS, BEGIN, 62:12
226, 7, 24510549, MOVE TO CITY (ALREADY THERE), COMPLETE, 61:11
226, 7, 24576056, MOVE TO CITY(24 24), BEGIN, 64:5
227, 1, 20381752, MOVE TO CITY (ALREADY THERE), COMPLETE, 44:20
227, 1, 20381752, MOVE TO CITY(37 10), BEGIN, 44:20
227, 1, 20447293, MOVE TO CITY (ALREADY THERE), COMPLETE, 37:10
227, 1, 20316207, MOVE TO CITY(44 20), BEGIN, 37:10
227, 4, 23003198, MOVE TO CITY(40 7), BEGIN, 39:20
227, 4, 23199820, MOVE TO CITY (ALREADY THERE), COMPLETE, 39:20
227, 4, 23068731, MOVE TO CITY(40 7), BEGIN, 39:20
227, 4, 23134246, MOVE TO CITY(40 7), BEGIN, 39:20
227, 5, 32047127, UNITOPERATION_SPY_SIPHON_FUNDS, COMPLETE, 64:13
227, 5, 32112643, UNITOPERATION_SPY_SIPHON_FUNDS, COMPLETE, 64:13
227, 6, 27066415, MOVE TO CITY (ALREADY THERE), COMPLETE, 61:11
227, 6, 27066415, UNITOPERATION_SPY_SIPHON_FUNDS, BEGIN, 62:12
227, 7, 23724098, MOVE TO CITY(61 11), BEGIN, 32:16
227, 7, 24772716, MOVE TO CITY (ALREADY THERE), COMPLETE, 24:24
227, 7, 24772716, GAIN SOURCES, BEGIN, 24:24
227, 7, 24510549, MOVE TO CITY(24 24), BEGIN, 61:11
227, 7, 23789602, MOVE TO CITY(61 11), BEGIN, 32:16
228, 1, 20512824, MOVE TO CITY (ALREADY THERE), COMPLETE, 37:10
228, 1, 20447293, MOVE TO CITY(44 20), BEGIN, 37:10
228, 2, 15269903, UNITOPERATION_SPY_STEAL_TECH_BOOST, COMPLETE, 60:9
228, 2, 15335430, UNITOPERATION_SPY_STEAL_TECH_BOOST, COMPLETE, 60:9
228, 2, 15401011, UNITOPERATION_SPY_STEAL_TECH_BOOST, COMPLETE, 61:11
228, 4, 23265342, MOVE TO CITY (ALREADY THERE), COMPLETE, 40:7
228, 4, 23265342, MOVE TO CITY(39 20), BEGIN, 40:7
228, 4, 23199820, MOVE TO CITY(40 7), BEGIN, 39:20
228, 5, 32047127, MOVE TO CITY(45 16), BEGIN, 64:13
228, 5, 32112643, MOVE TO CITY(45 16), BEGIN, 64:13
228, 7, 24969282, MOVE TO CITY (ALREADY THERE), COMPLETE, 61:11
228, 7, 24903765, MOVE TO CITY (ALREADY THERE), COMPLETE, 24:24
228, 7, 24903765, GAIN SOURCES, BEGIN, 24:24
228, 7, 25034795, MOVE TO CITY (ALREADY THERE), COMPLETE, 61:11
229, 1, 20643901, MOVE TO CITY (ALREADY THERE), COMPLETE, 37:10
229, 1, 20512824, MOVE TO CITY(44 20), BEGIN, 37:10
229, 1, 20709380, MOVE TO CITY (ALREADY THERE), COMPLETE, 44:20
229, 1, 20709380, MOVE TO CITY(37 10), BEGIN, 44:20
229, 2, 15990799, MOVE TO CITY (ALREADY THERE), COMPLETE, 22:10
229, 2, 15401011, MOVE TO CITY (ALREADY THERE), COMPLETE, 61:11
229, 2, 15401011, MOVE TO CITY(22 10), BEGIN, 61:11
229, 4, 23724072, MOVE TO CITY (ALREADY THERE), COMPLETE, 39:20
229, 4, 23527500, MOVE TO CITY (ALREADY THERE), COMPLETE, 40:7
229, 4, 23527500, MOVE TO CITY(39 20), BEGIN, 40:7
229, 4, 23593022, MOVE TO CITY (ALREADY THERE), COMPLETE, 40:7
229, 4, 23593022, MOVE TO CITY(39 20), BEGIN, 40:7
229, 4, 23658538, MOVE TO CITY (ALREADY THERE), COMPLETE, 40:7
229, 4, 23658538, MOVE TO CITY(39 20), BEGIN, 40:7
229, 6, 27328549, MOVE TO CITY(40 7), BEGIN, 25:20
229, 7, 24969282, MOVE TO CITY(24 24), BEGIN, 61:11
229, 7, 25362524, MOVE TO CITY (ALREADY THERE), COMPLETE, 24:24
229, 7, 25362524, GAIN SOURCES, BEGIN, 24:24
229, 7, 25034795, MOVE TO CITY(24 24), BEGIN, 61:11
230, 1, 20643901, MOVE TO CITY(44 20), BEGIN, 37:10
230, 1, 20906040, MOVE TO CITY (ALREADY THERE), COMPLETE, 44:20
230, 1, 20906040, MOVE TO CITY(37 10), BEGIN, 44:20
230, 2, 15990799, MOVE TO CITY(61 11), BEGIN, 22:10
230, 2, 16252979, MOVE TO CITY (ALREADY THERE), COMPLETE, 22:10
230, 4, 23789644, MOVE TO CITY (ALREADY THERE), COMPLETE, 40:7
230, 4, 23789644, MOVE TO CITY(39 20), BEGIN, 40:7
230, 4, 23855166, MOVE TO CITY (ALREADY THERE), COMPLETE, 39:20
230, 4, 23724072, MOVE TO CITY(40 7), BEGIN, 39:20
230, 4, 23920682, MOVE TO CITY (ALREADY THERE), COMPLETE, 39:20
230, 4, 23986224, MOVE TO CITY (ALREADY THERE), COMPLETE, 39:20
230, 5, 33882214, MOVE TO CITY(61 11), BEGIN, 53:27
230, 6, 27328549, MOVE TO CITY(40 7), BEGIN, 25:20
231, 1, 21037117, MOVE TO CITY (ALREADY THERE), COMPLETE, 44:20
231, 1, 21037117, MOVE TO CITY(37 10), BEGIN, 44:20
231, 1, 21102648, MOVE TO CITY (ALREADY THERE), COMPLETE, 37:10
231, 2, 16252979, MOVE TO CITY(61 11), BEGIN, 22:10
231, 4, 24182860, MOVE TO CITY (ALREADY THERE), COMPLETE, 39:20
231, 4, 23920682, MOVE TO CITY(40 7), BEGIN, 39:20
231, 4, 23855166, MOVE TO CITY(40 7), BEGIN, 39:20
231, 4, 23986224, MOVE TO CITY(40 7), BEGIN, 39:20
231, 6, 27000862, UNITOPERATION_SPY_SIPHON_FUNDS, COMPLETE, 61:11
231, 7, 25886790, MOVE TO CITY (ALREADY THERE), COMPLETE, 24:24
231, 7, 25886790, MOVE TO CITY(61 11), BEGIN, 24:24
231, 7, 24772716, GAIN SOURCES, BEGIN, 24:24
231, 7, 25362524, GAIN SOURCES, BEGIN, 24:24
231, 7, 24903765, GAIN SOURCES, BEGIN, 24:24
231, 7, 25952301, MOVE TO CITY (ALREADY THERE), COMPLETE, 24:24
231, 7, 25952301, MOVE TO CITY(61 11), BEGIN, 24:24
232, 1, 21364797, MOVE TO CITY (ALREADY THERE), COMPLETE, 44:20
232, 1, 21364797, MOVE TO CITY(37 10), BEGIN, 44:20
232, 1, 21430313, MOVE TO CITY (ALREADY THERE), COMPLETE, 37:10
232, 1, 21102648, MOVE TO CITY(44 20), BEGIN, 37:10
232, 2, 16711711, MOVE TO CITY(61 11), BEGIN, 17:13
232, 2, 16646195, MOVE TO CITY (ALREADY THERE), COMPLETE, 61:11
232, 2, 16646195, GAIN SOURCES, BEGIN, 61:11
232, 4, 24182860, MOVE TO CITY(40 7), BEGIN, 39:20
232, 4, 24248382, MOVE TO CITY (ALREADY THERE), COMPLETE, 40:7
232, 4, 24248382, MOVE TO CITY(39 20), BEGIN, 40:7
232, 5, 34340885, MOVE TO CITY(61 11), BEGIN, 55:20
232, 5, 34144334, MOVE TO CITY (ALREADY THERE), COMPLETE, 45:16
232, 5, 34144334, GAIN SOURCES, BEGIN, 45:16
232, 5, 34209869, MOVE TO CITY (ALREADY THERE), COMPLETE, 45:16
232, 5, 34209869, GAIN SOURCES, BEGIN, 45:16
232, 5, 34275393, MOVE TO CITY (ALREADY THERE), COMPLETE, 61:11
232, 5, 34275393, GAIN SOURCES, BEGIN, 61:11
232, 6, 27000862, MOVE TO CITY(40 7), BEGIN, 61:11
232, 6, 27721808, MOVE TO CITY (ALREADY THERE), COMPLETE, 40:7
232, 6, 27721808, GAIN SOURCES, BEGIN, 40:7
232, 6, 27852845, MOVE TO CITY(40 7), BEGIN, 28:22
232, 7, 26345542, MOVE TO CITY (ALREADY THERE), COMPLETE, 61:11
232, 7, 26411068, MOVE TO CITY (ALREADY THERE), COMPLETE, 61:11
233, 1, 21495869, MOVE TO CITY (ALREADY THERE), COMPLETE, 37:10
233, 1, 21430313, MOVE TO CITY(44 20), BEGIN, 37:10
233, 2, 16777247, MOVE TO CITY (ALREADY THERE), COMPLETE, 61:11
233, 2, 16777247, GAIN SOURCES, BEGIN, 61:11
233, 4, 24313932, MOVE TO CITY (ALREADY THERE), COMPLETE, 40:7
233, 4, 24313932, MOVE TO CITY(39 20), BEGIN, 40:7
233, 4, 24510506, MOVE TO CITY (ALREADY THERE), COMPLETE, 39:20
233, 4, 24379454, MOVE TO CITY (ALREADY THERE), COMPLETE, 40:7
233, 4, 24379454, MOVE TO CITY(39 20), BEGIN, 40:7
233, 4, 24444976, MOVE TO CITY (ALREADY THERE), COMPLETE, 40:7
233, 4, 24444976, MOVE TO CITY(39 20), BEGIN, 40:7
233, 7, 26345542, MOVE TO CITY(55 20), BEGIN, 61:11
233, 7, 26411068, MOVE TO CITY(55 20), BEGIN, 61:11
234, 1, 21758006, MOVE TO CITY (ALREADY THERE), COMPLETE, 37:10
234, 1, 21495869, MOVE TO CITY(44 20), BEGIN, 37:10
234, 1, 21823529, MOVE TO CITY (ALREADY THERE), COMPLETE, 44:20
234, 1, 21823529, MOVE TO CITY(37 10), BEGIN, 44:20
234, 2, 16908291, MOVE TO CITY (ALREADY THERE), COMPLETE, 61:11
234, 2, 16908291, GAIN SOURCES, BEGIN, 61:11
234, 4, 24510506, MOVE TO CITY(40 7), BEGIN, 39:20
234, 4, 24772684, MOVE TO CITY (ALREADY THERE), COMPLETE, 40:7
234, 4, 24772684, MOVE TO CITY(39 20), BEGIN, 40:7
234, 4, 24838206, MOVE TO CITY (ALREADY THERE), COMPLETE, 39:20
234, 4, 24903728, MOVE TO CITY (ALREADY THERE), COMPLETE, 39:20
234, 4, 24969245, MOVE TO CITY (ALREADY THERE), COMPLETE, 39:20
234, 5, 34734094, MOVE TO CITY (ALREADY THERE), COMPLETE, 61:11
234, 5, 34734094, GAIN SOURCES, BEGIN, 61:11
234, 6, 28180510, MOVE TO CITY (ALREADY THERE), COMPLETE, 40:7
234, 6, 28180510, GAIN SOURCES, BEGIN, 40:7
234, 6, 28246044, MOVE TO CITY (ALREADY THERE), COMPLETE, 40:7
234, 6, 28246044, GAIN SOURCES, BEGIN, 40:7
235, 1, 21758006, MOVE TO CITY(44 20), BEGIN, 37:10
235, 1, 22020157, MOVE TO CITY (ALREADY THERE), COMPLETE, 44:20
235, 1, 22020157, MOVE TO CITY(37 10), BEGIN, 44:20
235, 1, 22085673, MOVE TO CITY (ALREADY THERE), COMPLETE, 37:10
235, 4, 25034828, MOVE TO CITY (ALREADY THERE), COMPLETE, 39:20
235, 4, 24838206, MOVE TO CITY(40 7), BEGIN, 39:20
235, 4, 24903728, MOVE TO CITY(40 7), BEGIN, 39:20
235, 4, 24969245, MOVE TO CITY(40 7), BEGIN, 39:20
235, 5, 34930758, MOVE TO CITY(61 11), BEGIN, 53:27
236, 1, 22151229, MOVE TO CITY (ALREADY THERE), COMPLETE, 44:20
236, 1, 22151229, MOVE TO CITY(37 10), BEGIN, 44:20
236, 1, 22216758, MOVE TO CITY (ALREADY THERE), COMPLETE, 37:10
236, 1, 22085673, MOVE TO CITY(44 20), BEGIN, 37:10
236, 4, 25296958, MOVE TO CITY (ALREADY THERE), COMPLETE, 40:7
236, 4, 25296958, MOVE TO CITY(39 20), BEGIN, 40:7
236, 4, 25034828, MOVE TO CITY(40 7), BEGIN, 39:20
236, 7, 27262997, MOVE TO CITY (ALREADY THERE), COMPLETE, 55:20
236, 7, 27262997, GAIN SOURCES, BEGIN, 55:20
236, 7, 27328575, MOVE TO CITY (ALREADY THERE), COMPLETE, 55:20
236, 7, 27328575, GAIN SOURCES, BEGIN, 55:20
236, 7, 24772716, UNITOPERATION_SPY_STEAL_TECH_BOOST, BEGIN, 25:26
236, 7, 25362524, UNITOPERATION_SPY_STEAL_TECH_BOOST, BEGIN, 25:26
236, 7, 24903765, UNITOPERATION_SPY_STEAL_TECH_BOOST, BEGIN, 25:26
237, 1, 22347837, MOVE TO CITY (ALREADY THERE), COMPLETE, 44:20
237, 1, 22347837, MOVE TO CITY(37 10), BEGIN, 44:20
237, 1, 22216758, MOVE TO CITY(32 16), BEGIN, 37:10
237, 1, 22413353, MOVE TO CITY (ALREADY THERE), COMPLETE, 37:10
237, 2, 16646195, MOVE TO CITY(22 10), BEGIN, 61:11
237, 4, 25755680, MOVE TO CITY (ALREADY THERE), COMPLETE, 39:20
237, 4, 25559116, MOVE TO CITY (ALREADY THERE), COMPLETE, 40:7
237, 4, 25559116, MOVE TO CITY(39 20), BEGIN, 40:7
237, 4, 25624638, MOVE TO CITY (ALREADY THERE), COMPLETE, 40:7
237, 4, 25624638, MOVE TO CITY(39 20), BEGIN, 40:7
237, 4, 25690165, MOVE TO CITY (ALREADY THERE), COMPLETE, 40:7
237, 4, 25690165, MOVE TO CITY(39 20), BEGIN, 40:7
237, 5, 35323953, MOVE TO CITY (ALREADY THERE), COMPLETE, 61:11
237, 5, 35323953, MOVE TO CITY(53 27), BEGIN, 61:11
237, 5, 34144334, UNITOPERATION_SPY_STEAL_TECH_BOOST, BEGIN, 44:16
237, 5, 34209869, UNITOPERATION_SPY_STEAL_TECH_BOOST, BEGIN, 44:16
237, 5, 34275393, MOVE TO CITY(53 27), BEGIN, 61:11
237, 6, 27721808, MOVE TO CITY(25 20), BEGIN, 40:7
238, 1, 22544438, MOVE TO CITY (ALREADY THERE), COMPLETE, 37:10
238, 1, 22413353, MOVE TO CITY(32 16), BEGIN, 37:10
238, 1, 22478909, MOVE TO CITY (ALREADY THERE), COMPLETE, 44:20
238, 1, 22478909, MOVE TO CITY(37 10), BEGIN, 44:20
238, 2, 17629235, MOVE TO CITY (ALREADY THERE), COMPLETE, 22:10
238, 2, 16777247, MOVE TO CITY(22 10), BEGIN, 61:11
238, 4, 25755680, MOVE TO CITY(40 7), BEGIN, 39:20
238, 4, 26017868, MOVE TO CITY (ALREADY THERE), COMPLETE, 40:7
238, 4, 26017868, MOVE TO CITY(39 20), BEGIN, 40:7
238, 4, 26083390, MOVE TO CITY (ALREADY THERE), COMPLETE, 39:20
238, 4, 26148917, MOVE TO CITY (ALREADY THERE), COMPLETE, 39:20
238, 4, 26214484, MOVE TO CITY (ALREADY THERE), COMPLETE, 39:20
238, 5, 35651680, MOVE TO CITY (ALREADY THERE), COMPLETE, 53:27
238, 5, 35717188, MOVE TO CITY (ALREADY THERE), COMPLETE, 53:27
238, 6, 28835920, MOVE TO CITY (ALREADY THERE), COMPLETE, 25:20
239, 1, 22544438, MOVE TO CITY(44 20), BEGIN, 37:10
239, 1, 22609981, MOVE TO CITY (ALREADY THERE), COMPLETE, 37:10
239, 2, 16908291, MOVE TO CITY(22 10), BEGIN, 61:11
239, 2, 17629235, MOVE TO CITY(61 11), BEGIN, 22:10
239, 2, 17956927, MOVE TO CITY (ALREADY THERE), COMPLETE, 22:10
239, 4, 26214484, MOVE TO CITY(40 7), BEGIN, 39:20
239, 4, 26345548, MOVE TO CITY (ALREADY THERE), COMPLETE, 39:20
239, 4, 26083390, MOVE TO CITY(40 7), BEGIN, 39:20
239, 4, 26148917, MOVE TO CITY(40 7), BEGIN, 39:20
239, 5, 35651680, MOVE TO CITY(61 11), BEGIN, 53:27
239, 5, 35717188, MOVE TO CITY(61 11), BEGIN, 53:27
239, 5, 34734094, MOVE TO CITY(53 27), BEGIN, 61:11
239, 6, 28180510, MOVE TO CITY(25 20), BEGIN, 40:7
239, 6, 28835920, MOVE TO CITY(40 7), BEGIN, 25:20
239, 6, 28246044, MOVE TO CITY(25 20), BEGIN, 40:7
240, 1, 22609981, MOVE TO CITY(44 20), BEGIN, 37:10
240, 2, 18284595, MOVE TO CITY (ALREADY THERE), COMPLETE, 22:10
240, 2, 17956927, MOVE TO CITY(61 11), BEGIN, 22:10
240, 4, 26542164, MOVE TO CITY (ALREADY THERE), COMPLETE, 40:7
240, 4, 26542164, MOVE TO CITY(39 20), BEGIN, 40:7
240, 4, 26345548, MOVE TO CITY(40 7), BEGIN, 39:20
240, 5, 35979360, MOVE TO CITY (ALREADY THERE), COMPLETE, 53:27
240, 6, 29294672, MOVE TO CITY (ALREADY THERE), COMPLETE, 25:20
240, 6, 29360197, MOVE TO CITY (ALREADY THERE), COMPLETE, 25:20
241, 1, 22806595, MOVE TO CITY (ALREADY THERE), COMPLETE, 32:16
241, 1, 22806595, GAIN SOURCES, BEGIN, 32:16
241, 1, 22872125, MOVE TO CITY (ALREADY THERE), COMPLETE, 44:20
241, 1, 22872125, MOVE TO CITY(37 10), BEGIN, 44:20
241, 2, 18481215, MOVE TO CITY (ALREADY THERE), COMPLETE, 61:11
241, 2, 18481215, MOVE TO CITY(22 10), BEGIN, 61:11
241, 2, 18284595, MOVE TO CITY(61 11), BEGIN, 22:10
241, 4, 27000920, MOVE TO CITY (ALREADY THERE), COMPLETE, 39:20
241, 4, 26804308, MOVE TO CITY (ALREADY THERE), COMPLETE, 40:7
241, 4, 26804308, MOVE TO CITY(39 20), BEGIN, 40:7
241, 4, 26869836, MOVE TO CITY (ALREADY THERE), COMPLETE, 40:7
241, 4, 26869836, MOVE TO CITY(39 20), BEGIN, 40:7
241, 4, 26935383, MOVE TO CITY (ALREADY THERE), COMPLETE, 40:7
241, 4, 26935383, MOVE TO CITY(39 20), BEGIN, 40:7
241, 5, 35979360, MOVE TO CITY(61 11), BEGIN, 53:27
241, 5, 36110406, MOVE TO CITY (ALREADY THERE), COMPLETE, 61:11
241, 5, 36110406, MOVE TO CITY(53 27), BEGIN, 61:11
241, 5, 36175930, MOVE TO CITY (ALREADY THERE), COMPLETE, 61:11
241, 5, 36175930, MOVE TO CITY(53 27), BEGIN, 61:11
241, 6, 29360197, MOVE TO CITY(40 7), BEGIN, 25:20
241, 6, 29491271, MOVE TO CITY (ALREADY THERE), COMPLETE, 40:7
241, 6, 29491271, MOVE TO CITY(25 20), BEGIN, 40:7
241, 6, 29294672, MOVE TO CITY(40 7), BEGIN, 25:20
241, 7, 27262997, MOVE TO CITY(61 11), BEGIN, 55:20
241, 7, 27328575, MOVE TO CITY(61 11), BEGIN, 55:20
241, 7, 24772716, UNITOPERATION_SPY_STEAL_TECH_BOOST, COMPLETE, 25:26
241, 7, 25362524, UNITOPERATION_SPY_STEAL_TECH_BOOST, COMPLETE, 25:26
241, 7, 24903765, UNITOPERATION_SPY_STEAL_TECH_BOOST, COMPLETE, 25:26
242, 1, 23003197, MOVE TO CITY (ALREADY THERE), COMPLETE, 32:16
242, 1, 23003197, GAIN SOURCES, BEGIN, 32:16
242, 1, 23134279, MOVE TO CITY (ALREADY THERE), COMPLETE, 37:10
242, 1, 23068742, MOVE TO CITY (ALREADY THERE), COMPLETE, 44:20
242, 1, 23068742, MOVE TO CITY(37 10), BEGIN, 44:20
242, 2, 18743349, MOVE TO CITY (ALREADY THERE), COMPLETE, 22:10
242, 2, 18677823, MOVE TO CITY (ALREADY THERE), COMPLETE, 61:11
242, 2, 18677823, MOVE TO CITY(22 10), BEGIN, 61:11
242, 4, 27328596, MOVE TO CITY (ALREADY THERE), COMPLETE, 39:20
242, 4, 27263063, MOVE TO CITY (ALREADY THERE), COMPLETE, 40:7
242, 4, 27263063, MOVE TO CITY(39 20), BEGIN, 40:7
242, 4, 27000920, MOVE TO CITY(40 7), BEGIN, 39:20
242, 4, 27394124, MOVE TO CITY (ALREADY THERE), COMPLETE, 39:20
242, 4, 27459602, MOVE TO CITY (ALREADY THERE), COMPLETE, 39:20
242, 5, 36307040, MOVE TO CITY (ALREADY THERE), COMPLETE, 53:27
242, 5, 36372550, MOVE TO CITY (ALREADY THERE), COMPLETE, 53:27
242, 5, 34144334, UNITOPERATION_SPY_STEAL_TECH_BOOST, COMPLETE, 45:16
242, 5, 34209869, UNITOPERATION_SPY_STEAL_TECH_BOOST, COMPLETE, 45:16
242, 6, 29753424, MOVE TO CITY (ALREADY THERE), COMPLETE, 25:20
242, 7, 28639340, MOVE TO CITY (ALREADY THERE), COMPLETE, 61:11
242, 7, 28704860, MOVE TO CITY (ALREADY THERE), COMPLETE, 61:11
242, 7, 28770389, MOVE TO CITY (ALREADY THERE), COMPLETE, 61:11
242, 7, 28835909, MOVE TO CITY (ALREADY THERE), COMPLETE, 61:11
243, 1, 23134279, MOVE TO CITY(32 16), BEGIN, 37:10
243, 1, 23330886, MOVE TO CITY (ALREADY THERE), COMPLETE, 37:10
243, 2, 18743349, MOVE TO CITY(37 10), BEGIN, 22:10
243, 2, 19005503, MOVE TO CITY (ALREADY THERE), COMPLETE, 61:11
243, 2, 19005503, MOVE TO CITY(22 10), BEGIN, 61:11
243, 2, 19071017, MOVE TO CITY (ALREADY THERE), COMPLETE, 22:10
243, 4, 27459602, MOVE TO CITY(37 10), BEGIN, 39:20
243, 4, 27525208, MOVE TO CITY (ALREADY THERE), COMPLETE, 39:20
243, 4, 27328596, MOVE TO CITY(37 10), BEGIN, 39:20
243, 4, 27394124, MOVE TO CITY(37 10), BEGIN, 39:20
243, 5, 36438074, MOVE TO CITY (ALREADY THERE), COMPLETE, 61:11
243, 5, 36438074, MOVE TO CITY(53 27), BEGIN, 61:11
243, 5, 34144334, MOVE TO CITY(61 11), BEGIN, 45:16
243, 5, 34209869, MOVE TO CITY(61 11), BEGIN, 45:16
243, 5, 36307040, MOVE TO CITY(61 11), BEGIN, 53:27
243, 5, 36372550, MOVE TO CITY(61 11), BEGIN, 53:27
243, 6, 30146612, MOVE TO CITY (ALREADY THERE), COMPLETE, 40:7
243, 6, 30146612, MOVE TO CITY(25 20), BEGIN, 40:7
243, 6, 29753424, MOVE TO CITY(37 10), BEGIN, 25:20
243, 6, 30343222, MOVE TO CITY(37 10), BEGIN, 25:20
243, 6, 30277644, MOVE TO CITY(37 10), BEGIN, 25:20
243, 6, 30212139, MOVE TO CITY (ALREADY THERE), COMPLETE, 40:7
243, 6, 30212139, MOVE TO CITY(25 20), BEGIN, 40:7
243, 7, 28639340, MOVE TO CITY(55 20), BEGIN, 61:11
243, 7, 29032554, MOVE TO CITY(55 20), BEGIN, 61:11
243, 7, 28704860, MOVE TO CITY(55 20), BEGIN, 61:11
243, 7, 28770389, MOVE TO CITY(55 20), BEGIN, 61:11
243, 7, 28835909, MOVE TO CITY(55 20), BEGIN, 61:11
244, 1, 23330886, MOVE TO CITY(32 16), BEGIN, 37:10
244, 2, 19267647, MOVE TO CITY (ALREADY THERE), COMPLETE, 22:10
244, 2, 19071017, MOVE TO CITY(37 10), BEGIN, 22:10
244, 4, 27525208, MOVE TO CITY(37 10), BEGIN, 39:20
244, 4, 27721812, MOVE TO CITY (ALREADY THERE), COMPLETE, 40:7
244, 4, 27721812, MOVE TO CITY(39 20), BEGIN, 40:7
244, 5, 36700256, MOVE TO CITY (ALREADY THERE), COMPLETE, 53:27
244, 6, 30605392, MOVE TO CITY (ALREADY THERE), COMPLETE, 25:20
244, 6, 30343222, MOVE TO CITY(37 10), BEGIN, 25:20
244, 6, 30277644, MOVE TO CITY(37 10), BEGIN, 25:20
244, 6, 30670927, MOVE TO CITY (ALREADY THERE), COMPLETE, 25:20
245, 2, 19529772, MOVE TO CITY (ALREADY THERE), COMPLETE, 37:10
245, 2, 19529772, GAIN SOURCES, BEGIN, 37:10
245, 2, 19267647, MOVE TO CITY(37 10), BEGIN, 22:10
245, 4, 27983960, MOVE TO CITY (ALREADY THERE), COMPLETE, 37:10
245, 4, 27983960, GAIN SOURCES, BEGIN, 37:10
245, 4, 28180573, MOVE TO CITY (ALREADY THERE), COMPLETE, 39:20
245, 4, 28049492, MOVE TO CITY (ALREADY THERE), COMPLETE, 37:10
245, 4, 28049492, GAIN SOURCES, BEGIN, 37:10
245, 4, 28114982, MOVE TO CITY (ALREADY THERE), COMPLETE, 37:10
245, 4, 28114982, GAIN SOURCES, BEGIN, 37:10
245, 5, 36700256, MOVE TO CITY(61 11), BEGIN, 53:27
245, 5, 36896822, MOVE TO CITY (ALREADY THERE), COMPLETE, 61:11
245, 5, 36896822, MOVE TO CITY(53 27), BEGIN, 61:11
245, 5, 36962381, MOVE TO CITY (ALREADY THERE), COMPLETE, 61:11
245, 5, 36962381, MOVE TO CITY(53 27), BEGIN, 61:11
245, 5, 37027910, MOVE TO CITY (ALREADY THERE), COMPLETE, 61:11
245, 5, 37027910, MOVE TO CITY(53 27), BEGIN, 61:11
245, 5, 37093434, MOVE TO CITY (ALREADY THERE), COMPLETE, 61:11
245, 5, 37093434, MOVE TO CITY(53 27), BEGIN, 61:11
245, 6, 30867510, MOVE TO CITY (ALREADY THERE), COMPLETE, 37:10
245, 6, 30867510, GAIN SOURCES, BEGIN, 37:10
245, 6, 30670927, MOVE TO CITY(37 10), BEGIN, 25:20
245, 6, 30605392, MOVE TO CITY(37 10), BEGIN, 25:20
246, 1, 22806595, MOVE TO CITY(37 10), BEGIN, 32:16
246, 2, 19726400, MOVE TO CITY (ALREADY THERE), COMPLETE, 37:10
246, 2, 19726400, GAIN SOURCES, BEGIN, 37:10
246, 4, 28442721, MOVE TO CITY (ALREADY THERE), COMPLETE, 37:10
246, 4, 28442721, GAIN SOURCES, BEGIN, 37:10
246, 4, 28180573, MOVE TO CITY(37 10), BEGIN, 39:20
246, 5, 37224544, MOVE TO CITY (ALREADY THERE), COMPLETE, 53:27
246, 5, 37290061, MOVE TO CITY (ALREADY THERE), COMPLETE, 53:27
246, 5, 37355590, MOVE TO CITY (ALREADY THERE), COMPLETE, 53:27
246, 5, 37421114, MOVE TO CITY (ALREADY THERE), COMPLETE, 53:27
246, 6, 31195216, MOVE TO CITY (ALREADY THERE), COMPLETE, 37:10
246, 6, 31195216, GAIN SOURCES, BEGIN, 37:10
246, 6, 31260751, MOVE TO CITY (ALREADY THERE), COMPLETE, 37:10
246, 6, 31260751, GAIN SOURCES, BEGIN, 37:10
246, 7, 29753439, MOVE TO CITY (ALREADY THERE), COMPLETE, 55:20
246, 7, 29753439, MOVE TO CITY(61 11), BEGIN, 55:20
246, 7, 29818966, MOVE TO CITY (ALREADY THERE), COMPLETE, 55:20
246, 7, 29818966, MOVE TO CITY(61 11), BEGIN, 55:20
246, 7, 29884501, MOVE TO CITY (ALREADY THERE), COMPLETE, 55:20
246, 7, 29884501, MOVE TO CITY(61 11), BEGIN, 55:20
246, 7, 29950031, MOVE TO CITY (ALREADY THERE), COMPLETE, 55:20
246, 7, 29950031, MOVE TO CITY(61 11), BEGIN, 55:20
246, 7, 30015564, MOVE TO CITY (ALREADY THERE), COMPLETE, 55:20
246, 7, 30015564, MOVE TO CITY(61 11), BEGIN, 55:20
247, 1, 23724099, MOVE TO CITY (ALREADY THERE), COMPLETE, 32:16
247, 1, 23724099, MOVE TO CITY(37 10), BEGIN, 32:16
247, 1, 23789645, MOVE TO CITY (ALREADY THERE), COMPLETE, 37:10
247, 1, 23003197, MOVE TO CITY(37 10), BEGIN, 32:16
247, 2, 19922993, MOVE TO CITY (ALREADY THERE), COMPLETE, 37:10
247, 2, 19922993, GAIN SOURCES, BEGIN, 37:10
247, 5, 37421114, MOVE TO CITY(61 11), BEGIN, 53:27
247, 5, 37355590, MOVE TO CITY(61 11), BEGIN, 53:27
247, 5, 37683302, MOVE TO CITY (ALREADY THERE), COMPLETE, 61:11
247, 5, 37683302, MOVE TO CITY(53 27), BEGIN, 61:11
247, 5, 37224544, MOVE TO CITY(61 11), BEGIN, 53:27
247, 5, 37290061, MOVE TO CITY(61 11), BEGIN, 53:27
247, 6, 31391828, MOVE TO CITY (ALREADY THERE), COMPLETE, 37:10
247, 6, 31391828, GAIN SOURCES, BEGIN, 37:10
247, 6, 31457293, MOVE TO CITY (ALREADY THERE), COMPLETE, 37:10
247, 6, 31457293, GAIN SOURCES, BEGIN, 37:10
247, 7, 30146655, MOVE TO CITY (ALREADY THERE), COMPLETE, 61:11
247, 7, 30212182, MOVE TO CITY (ALREADY THERE), COMPLETE, 61:11
247, 7, 30277717, MOVE TO CITY (ALREADY THERE), COMPLETE, 61:11
247, 7, 30343247, MOVE TO CITY (ALREADY THERE), COMPLETE, 61:11
247, 7, 30408780, MOVE TO CITY (ALREADY THERE), COMPLETE, 61:11
248, 1, 23986237, MOVE TO CITY (ALREADY THERE), COMPLETE, 37:10
248, 1, 24051791, MOVE TO CITY (ALREADY THERE), COMPLETE, 37:10
248, 1, 23789645, MOVE TO CITY(32 16), BEGIN, 37:10
248, 1, 23920707, MOVE TO CITY (ALREADY THERE), COMPLETE, 32:16
248, 1, 23920707, MOVE TO CITY(37 10), BEGIN, 32:16
248, 4, 28639331, MOVE TO CITY (ALREADY THERE), COMPLETE, 37:10
248, 4, 28639331, GAIN SOURCES, BEGIN, 37:10
248, 5, 37748838, MOVE TO CITY (ALREADY THERE), COMPLETE, 53:27
248, 7, 30146655, MOVE TO CITY(55 20), BEGIN, 61:11
248, 7, 30212182, MOVE TO CITY(55 20), BEGIN, 61:11
248, 7, 30277717, MOVE TO CITY(55 20), BEGIN, 61:11
248, 7, 30343247, MOVE TO CITY(55 20), BEGIN, 61:11
248, 7, 30408780, MOVE TO CITY(55 20), BEGIN, 61:11
249, 1, 24051791, MOVE TO CITY(32 16), BEGIN, 37:10
249, 1, 23986237, MOVE TO CITY(32 16), BEGIN, 37:10
249, 1, 24117325, MOVE TO CITY (ALREADY THERE), COMPLETE, 37:10
249, 5, 37814326, MOVE TO CITY (ALREADY THERE), COMPLETE, 61:11
249, 5, 37814326, MOVE TO CITY(53 27), BEGIN, 61:11
249, 5, 37879904, MOVE TO CITY (ALREADY THERE), COMPLETE, 61:11
249, 5, 37879904, MOVE TO CITY(53 27), BEGIN, 61:11
249, 5, 37748838, MOVE TO CITY(61 11), BEGIN, 53:27
249, 5, 37945434, MOVE TO CITY (ALREADY THERE), COMPLETE, 61:11
249, 5, 37945434, MOVE TO CITY(53 27), BEGIN, 61:11
249, 5, 38010957, MOVE TO CITY (ALREADY THERE), COMPLETE, 61:11
249, 5, 38010957, MOVE TO CITY(53 27), BEGIN, 61:11
250, 1, 24117325, MOVE TO CITY(32 16), BEGIN, 37:10
250, 2, 19529772, UNITOPERATION_SPY_STEAL_TECH_BOOST, BEGIN, 38:11
250, 4, 27983960, MOVE TO CITY(39 20), BEGIN, 37:10
250, 4, 28049492, MOVE TO CITY(39 20), BEGIN, 37:10
250, 4, 28114982, MOVE TO CITY(39 20), BEGIN, 37:10
250, 5, 38273126, MOVE TO CITY (ALREADY THERE), COMPLETE, 53:27
250, 5, 38338656, MOVE TO CITY (ALREADY THERE), COMPLETE, 53:27
250, 5, 38404186, MOVE TO CITY (ALREADY THERE), COMPLETE, 53:27
250, 5, 38469709, MOVE TO CITY (ALREADY THERE), COMPLETE, 53:27
250, 6, 30867510, MOVE TO CITY(25 20), BEGIN, 37:10
251, 2, 19726400, UNITOPERATION_SPY_STEAL_TECH_BOOST, BEGIN, 38:11
251, 4, 29163608, MOVE TO CITY (ALREADY THERE), COMPLETE, 39:20
251, 4, 28442721, MOVE TO CITY(39 20), BEGIN, 37:10
251, 4, 29229140, MOVE TO CITY (ALREADY THERE), COMPLETE, 39:20
251, 4, 29294630, MOVE TO CITY (ALREADY THERE), COMPLETE, 39:20
251, 5, 38273126, MOVE TO CITY(61 11), BEGIN, 53:27
251, 5, 38600755, MOVE TO CITY (ALREADY THERE), COMPLETE, 61:11
251, 5, 38600755, MOVE TO CITY(53 27), BEGIN, 61:11
251, 5, 38469709, MOVE TO CITY(61 11), BEGIN, 53:27
251, 5, 38338656, MOVE TO CITY(61 11), BEGIN, 53:27
251, 5, 38404186, MOVE TO CITY(61 11), BEGIN, 53:27
251, 6, 32112726, MOVE TO CITY (ALREADY THERE), COMPLETE, 25:20
251, 6, 31195216, MOVE TO CITY(25 20), BEGIN, 37:10
251, 6, 31260751, MOVE TO CITY(25 20), BEGIN, 37:10
251, 7, 31260773, MOVE TO CITY (ALREADY THERE), COMPLETE, 55:20
251, 7, 31260773, MOVE TO CITY(61 11), BEGIN, 55:20
251, 7, 31326264, MOVE TO CITY (ALREADY THERE), COMPLETE, 55:20
251, 7, 31326264, MOVE TO CITY(61 11), BEGIN, 55:20
251, 7, 31391795, MOVE TO CITY (ALREADY THERE), COMPLETE, 55:20
251, 7, 31391795, MOVE TO CITY(61 11), BEGIN, 55:20
251, 7, 31457385, MOVE TO CITY (ALREADY THERE), COMPLETE, 55:20
251, 7, 31457385, MOVE TO CITY(61 11), BEGIN, 55:20
251, 7, 31522933, MOVE TO CITY (ALREADY THERE), COMPLETE, 55:20
251, 7, 31522933, MOVE TO CITY(61 11), BEGIN, 55:20
252, 1, 24576077, MOVE TO CITY (ALREADY THERE), COMPLETE, 32:16
252, 1, 24576077, MOVE TO CITY(37 10), BEGIN, 32:16
252, 2, 19922993, UNITOPERATION_SPY_STEAL_TECH_BOOST, BEGIN, 38:11
252, 4, 29163608, MOVE TO CITY(37 10), BEGIN, 39:20
252, 4, 29229140, MOVE TO CITY(37 10), BEGIN, 39:20
252, 4, 29491297, MOVE TO CITY (ALREADY THERE), COMPLETE, 39:20
252, 4, 29294630, MOVE TO CITY(37 10), BEGIN, 39:20
252, 5, 38731878, MOVE TO CITY (ALREADY THERE), COMPLETE, 53:27
252, 6, 32112726, MOVE TO CITY(37 10), BEGIN, 25:20
252, 6, 32374864, MOVE TO CITY (ALREADY THERE), COMPLETE, 25:20
252, 6, 31391828, MOVE TO CITY(25 20), BEGIN, 37:10
252, 6, 32440399, MOVE TO CITY (ALREADY THERE), COMPLETE, 25:20
252, 6, 31457293, MOVE TO CITY(25 20), BEGIN, 37:10
252, 7, 31654005, MOVE TO CITY (ALREADY THERE), COMPLETE, 61:11
252, 7, 31719535, MOVE TO CITY (ALREADY THERE), COMPLETE, 61:11
252, 7, 31785065, MOVE TO CITY (ALREADY THERE), COMPLETE, 61:11
252, 7, 31850597, MOVE TO CITY (ALREADY THERE), COMPLETE, 61:11
252, 7, 31916088, MOVE TO CITY (ALREADY THERE), COMPLETE, 61:11
253, 1, 24772685, MOVE TO CITY (ALREADY THERE), COMPLETE, 32:16
253, 1, 24772685, MOVE TO CITY(37 10), BEGIN, 32:16
253, 1, 24903766, MOVE TO CITY (ALREADY THERE), COMPLETE, 37:10
253, 1, 24838229, MOVE TO CITY (ALREADY THERE), COMPLETE, 32:16
253, 1, 24838229, MOVE TO CITY(37 10), BEGIN, 32:16
253, 4, 29491297, MOVE TO CITY(37 10), BEGIN, 39:20
253, 4, 28639331, MOVE TO CITY(39 20), BEGIN, 37:10
253, 5, 39452764, MOVE TO CITY (ALREADY THERE), COMPLETE, 61:11
253, 5, 39452764, MOVE TO CITY(53 27), BEGIN, 61:11
253, 5, 38731878, MOVE TO CITY(61 11), BEGIN, 53:27
253, 5, 39518297, MOVE TO CITY (ALREADY THERE), COMPLETE, 61:11
253, 5, 39518297, MOVE TO CITY(53 27), BEGIN, 61:11
253, 5, 39583827, MOVE TO CITY (ALREADY THERE), COMPLETE, 61:11
253, 5, 39583827, MOVE TO CITY(53 27), BEGIN, 61:11
253, 5, 39649355, MOVE TO CITY (ALREADY THERE), COMPLETE, 61:11
253, 5, 39649355, MOVE TO CITY(53 27), BEGIN, 61:11
253, 6, 32374864, MOVE TO CITY(37 10), BEGIN, 25:20
253, 6, 32440399, MOVE TO CITY(37 10), BEGIN, 25:20
253, 6, 32571478, MOVE TO CITY (ALREADY THERE), COMPLETE, 25:20
253, 6, 32637012, MOVE TO CITY (ALREADY THERE), COMPLETE, 25:20
253, 7, 31654005, MOVE TO CITY(55 20), BEGIN, 61:11
253, 7, 31719535, MOVE TO CITY(55 20), BEGIN, 61:11
253, 7, 31785065, MOVE TO CITY(55 20), BEGIN, 61:11
253, 7, 31850597, MOVE TO CITY(55 20), BEGIN, 61:11
253, 7, 31916088, MOVE TO CITY(55 20), BEGIN, 61:11
254, 1, 25100365, MOVE TO CITY (ALREADY THERE), COMPLETE, 37:10
254, 1, 25165912, MOVE TO CITY (ALREADY THERE), COMPLETE, 37:10
254, 1, 25034837, MOVE TO CITY (ALREADY THERE), COMPLETE, 32:16
254, 1, 25034837, MOVE TO CITY(37 10), BEGIN, 32:16
254, 1, 24903766, MOVE TO CITY(44 20), BEGIN, 37:10
254, 4, 29753443, MOVE TO CITY (ALREADY THERE), COMPLETE, 37:10
254, 4, 29753443, MOVE TO CITY(39 20), BEGIN, 37:10
254, 4, 29818977, MOVE TO CITY (ALREADY THERE), COMPLETE, 37:10
254, 4, 29818977, MOVE TO CITY(39 20), BEGIN, 37:10
254, 4, 29950060, MOVE TO CITY (ALREADY THERE), COMPLETE, 39:20
254, 4, 29884454, MOVE TO CITY (ALREADY THERE), COMPLETE, 37:10
254, 4, 29884454, MOVE TO CITY(39 20), BEGIN, 37:10
254, 5, 39845990, MOVE TO CITY (ALREADY THERE), COMPLETE, 53:27
254, 5, 39911516, MOVE TO CITY (ALREADY THERE), COMPLETE, 53:27
254, 5, 39977049, MOVE TO CITY (ALREADY THERE), COMPLETE, 53:27
254, 5, 40042579, MOVE TO CITY (ALREADY THERE), COMPLETE, 53:27
254, 6, 32833616, MOVE TO CITY (ALREADY THERE), COMPLETE, 37:10
254, 6, 32833616, MOVE TO CITY(25 20), BEGIN, 37:10
254, 6, 32637012, MOVE TO CITY(37 10), BEGIN, 25:20
254, 6, 32571478, MOVE TO CITY(37 10), BEGIN, 25:20
255, 1, 25165912, MOVE TO CITY(32 16), BEGIN, 37:10
255, 1, 25100365, MOVE TO CITY(32 16), BEGIN, 37:10
255, 1, 25231446, MOVE TO CITY (ALREADY THERE), COMPLETE, 37:10
255, 4, 30212193, MOVE TO CITY (ALREADY THERE), COMPLETE, 39:20
255, 4, 30277670, MOVE TO CITY (ALREADY THERE), COMPLETE, 39:20
255, 4, 30146659, MOVE TO CITY (ALREADY THERE), COMPLETE, 37:10
255, 4, 30146659, MOVE TO CITY(39 20), BEGIN, 37:10
255, 4, 29950060, MOVE TO CITY(37 10), BEGIN, 39:20
255, 4, 30343279, MOVE TO CITY (ALREADY THERE), COMPLETE, 39:20
255, 5, 39845990, MOVE TO CITY(61 11), BEGIN, 53:27
255, 5, 40108107, MOVE TO CITY (ALREADY THERE), COMPLETE, 61:11
255, 5, 40108107, MOVE TO CITY(53 27), BEGIN, 61:11
255, 5, 39911516, MOVE TO CITY(61 11), BEGIN, 53:27
255, 5, 39977049, MOVE TO CITY(61 11), BEGIN, 53:27
255, 5, 40042579, MOVE TO CITY(61 11), BEGIN, 53:27
255, 6, 33161300, MOVE TO CITY (ALREADY THERE), COMPLETE, 25:20
255, 6, 33030230, MOVE TO CITY (ALREADY THERE), COMPLETE, 37:10
255, 6, 33030230, MOVE TO CITY(25 20), BEGIN, 37:10
255, 6, 33095765, MOVE TO CITY (ALREADY THERE), COMPLETE, 37:10
255, 6, 33095765, MOVE TO CITY(25 20), BEGIN, 37:10
256, 1, 25231446, MOVE TO CITY(32 16), BEGIN, 37:10
256, 1, 25428056, MOVE TO CITY (ALREADY THERE), COMPLETE, 44:20
256, 1, 25428056, GAIN SOURCES, BEGIN, 44:20
256, 4, 30343279, MOVE TO CITY(37 10), BEGIN, 39:20
256, 4, 30212193, MOVE TO CITY(37 10), BEGIN, 39:20
256, 4, 30408812, MOVE TO CITY (ALREADY THERE), COMPLETE, 39:20
256, 4, 30277670, MOVE TO CITY(37 10), BEGIN, 39:20
256, 5, 40239206, MOVE TO CITY (ALREADY THERE), COMPLETE, 53:27
256, 6, 33423446, MOVE TO CITY (ALREADY THERE), COMPLETE, 37:10
256, 6, 33423446, MOVE TO CITY(25 20), BEGIN, 37:10
256, 6, 33554532, MOVE TO CITY (ALREADY THERE), COMPLETE, 25:20
256, 6, 33620069, MOVE TO CITY (ALREADY THERE), COMPLETE, 25:20
256, 6, 33161300, MOVE TO CITY(37 10), BEGIN, 25:20
256, 6, 33488981, MOVE TO CITY (ALREADY THERE), COMPLETE, 37:10
256, 6, 33488981, MOVE TO CITY(25 20), BEGIN, 37:10
256, 7, 32374850, MOVE TO CITY (ALREADY THERE), COMPLETE, 55:20
256, 7, 32374850, MOVE TO CITY(61 11), BEGIN, 55:20
256, 7, 32440425, MOVE TO CITY (ALREADY THERE), COMPLETE, 55:20
256, 7, 32440425, MOVE TO CITY(61 11), BEGIN, 55:20
256, 7, 32505957, MOVE TO CITY (ALREADY THERE), COMPLETE, 55:20
256, 7, 32505957, MOVE TO CITY(61 11), BEGIN, 55:20
256, 7, 32571448, MOVE TO CITY (ALREADY THERE), COMPLETE, 55:20
256, 7, 32571448, MOVE TO CITY(61 11), BEGIN, 55:20
256, 7, 32636935, MOVE TO CITY (ALREADY THERE), COMPLETE, 55:20
256, 7, 32636935, MOVE TO CITY(61 11), BEGIN, 55:20
257, 2, 19922993, UNITOPERATION_SPY_STEAL_TECH_BOOST, COMPLETE, 38:11
257, 4, 30408812, MOVE TO CITY(37 10), BEGIN, 39:20
257, 4, 30539887, MOVE TO CITY (ALREADY THERE), COMPLETE, 37:10
257, 4, 30539887, MOVE TO CITY(39 20), BEGIN, 37:10
257, 5, 40239206, MOVE TO CITY(61 11), BEGIN, 53:27
257, 5, 40632376, MOVE TO CITY (ALREADY THERE), COMPLETE, 61:11
257, 5, 40632376, MOVE TO CITY(53 27), BEGIN, 61:11
257, 5, 40697875, MOVE TO CITY (ALREADY THERE), COMPLETE, 61:11
257, 5, 40697875, MOVE TO CITY(53 27), BEGIN, 61:11
257, 5, 40763392, MOVE TO CITY (ALREADY THERE), COMPLETE, 61:11
257, 5, 40763392, MOVE TO CITY(53 27), BEGIN, 61:11
257, 5, 40829044, MOVE TO CITY (ALREADY THERE), COMPLETE, 61:11
257, 5, 40829044, MOVE TO CITY(53 27), BEGIN, 61:11
257, 6, 33751126, MOVE TO CITY (ALREADY THERE), COMPLETE, 25:20
257, 6, 33554532, MOVE TO CITY(37 10), BEGIN, 25:20
257, 6, 33620069, MOVE TO CITY(37 10), BEGIN, 25:20
257, 6, 33816661, MOVE TO CITY (ALREADY THERE), COMPLETE, 25:20
257, 7, 32768105, MOVE TO CITY (ALREADY THERE), COMPLETE, 61:11
257, 7, 32833637, MOVE TO CITY (ALREADY THERE), COMPLETE, 61:11
257, 7, 32899138, MOVE TO CITY (ALREADY THERE), COMPLETE, 61:11
257, 7, 32964664, MOVE TO CITY (ALREADY THERE), COMPLETE, 61:11
257, 7, 33030151, MOVE TO CITY (ALREADY THERE), COMPLETE, 61:11
258, 4, 30802031, MOVE TO CITY (ALREADY THERE), COMPLETE, 37:10
258, 4, 30802031, MOVE TO CITY(39 20), BEGIN, 37:10
258, 4, 30867564, MOVE TO CITY (ALREADY THERE), COMPLETE, 37:10
258, 4, 30867564, MOVE TO CITY(39 20), BEGIN, 37:10
258, 4, 30998626, MOVE TO CITY (ALREADY THERE), COMPLETE, 39:20
258, 4, 30933080, MOVE TO CITY (ALREADY THERE), COMPLETE, 37:10
258, 4, 30933080, MOVE TO CITY(39 20), BEGIN, 37:10
258, 5, 41025652, MOVE TO CITY (ALREADY THERE), COMPLETE, 53:27
258, 5, 41091174, MOVE TO CITY (ALREADY THERE), COMPLETE, 53:27
258, 5, 41156678, MOVE TO CITY (ALREADY THERE), COMPLETE, 53:27
258, 5, 41222200, MOVE TO CITY (ALREADY THERE), COMPLETE, 53:27
258, 6, 34209893, MOVE TO CITY (ALREADY THERE), COMPLETE, 37:10
258, 6, 34209893, MOVE TO CITY(25 20), BEGIN, 37:10
258, 6, 33751126, MOVE TO CITY(37 10), BEGIN, 25:20
258, 6, 33816661, MOVE TO CITY(37 10), BEGIN, 25:20
258, 7, 32833637, MOVE TO CITY(17 13), BEGIN, 61:11
258, 7, 32899138, MOVE TO CITY(17 13), BEGIN, 61:11
258, 7, 32964664, MOVE TO CITY(17 13), BEGIN, 61:11
258, 7, 33030151, MOVE TO CITY(17 13), BEGIN, 61:11
258, 7, 32768105, MOVE TO CITY(17 13), BEGIN, 61:11
259, 1, 26017888, MOVE TO CITY (ALREADY THERE), COMPLETE, 32:16
259, 1, 26017888, MOVE TO CITY(37 10), BEGIN, 32:16
259, 1, 26083425, MOVE TO CITY (ALREADY THERE), COMPLETE, 32:16
259, 1, 26083425, MOVE TO CITY(37 10), BEGIN, 32:16
259, 4, 31064175, MOVE TO CITY (ALREADY THERE), COMPLETE, 37:10
259, 4, 31064175, MOVE TO CITY(39 20), BEGIN, 37:10
259, 4, 31129708, MOVE TO CITY (ALREADY THERE), COMPLETE, 39:20
259, 4, 31195224, MOVE TO CITY (ALREADY THERE), COMPLETE, 39:20
259, 4, 30998626, MOVE TO CITY(37 10), BEGIN, 39:20
259, 4, 31260784, MOVE TO CITY (ALREADY THERE), COMPLETE, 39:20
259, 5, 41353276, MOVE TO CITY (ALREADY THERE), COMPLETE, 61:11
259, 5, 41353276, MOVE TO CITY(53 27), BEGIN, 61:11
259, 5, 41222200, MOVE TO CITY(61 11), BEGIN, 53:27
259, 5, 41025652, MOVE TO CITY(61 11), BEGIN, 53:27
259, 5, 41156678, MOVE TO CITY(61 11), BEGIN, 53:27
259, 5, 41091174, MOVE TO CITY(61 11), BEGIN, 53:27
259, 6, 34472037, MOVE TO CITY (ALREADY THERE), COMPLETE, 37:10
259, 6, 34472037, MOVE TO CITY(25 20), BEGIN, 37:10
259, 6, 34603093, MOVE TO CITY (ALREADY THERE), COMPLETE, 25:20
259, 6, 34537558, MOVE TO CITY (ALREADY THERE), COMPLETE, 37:10
259, 6, 34537558, MOVE TO CITY(25 20), BEGIN, 37:10
260, 1, 26345568, MOVE TO CITY (ALREADY THERE), COMPLETE, 37:10
260, 1, 26411108, MOVE TO CITY (ALREADY THERE), COMPLETE, 37:10
260, 1, 26280033, MOVE TO CITY (ALREADY THERE), COMPLETE, 32:16
260, 1, 26280033, MOVE TO CITY(37 10), BEGIN, 32:16
260, 4, 31588463, MOVE TO CITY (ALREADY THERE), COMPLETE, 39:20
260, 4, 31260784, MOVE TO CITY(37 10), BEGIN, 39:20
260, 4, 31129708, MOVE TO CITY(37 10), BEGIN, 39:20
260, 4, 31195224, MOVE TO CITY(37 10), BEGIN, 39:20
260, 5, 41681012, MOVE TO CITY (ALREADY THERE), COMPLETE, 53:27
260, 6, 34865257, MOVE TO CITY (ALREADY THERE), COMPLETE, 25:20
260, 6, 34603093, MOVE TO CITY(37 10), BEGIN, 25:20
260, 6, 34930794, MOVE TO CITY (ALREADY THERE), COMPLETE, 25:20
260, 6, 34734181, MOVE TO CITY (ALREADY THERE), COMPLETE, 37:10
260, 6, 34734181, MOVE TO CITY(25 20), BEGIN, 37:10
260, 6, 34799702, MOVE TO CITY (ALREADY THERE), COMPLETE, 37:10
260, 6, 34799702, MOVE TO CITY(25 20), BEGIN, 37:10
261, 1, 26411108, MOVE TO CITY(17 13), BEGIN, 37:10
261, 1, 26345568, MOVE TO CITY(17 13), BEGIN, 37:10
261, 1, 26476641, MOVE TO CITY (ALREADY THERE), COMPLETE, 37:10
261, 1, 25428056, MOVE TO CITY(37 10), BEGIN, 44:20
261, 4, 31588463, MOVE TO CITY(37 10), BEGIN, 39:20
261, 4, 31719536, MOVE TO CITY (ALREADY THERE), COMPLETE, 37:10
261, 4, 31719536, MOVE TO CITY(39 20), BEGIN, 37:10
261, 5, 41681012, MOVE TO CITY(17 13), BEGIN, 53:27
261, 5, 41877582, MOVE TO CITY (ALREADY THERE), COMPLETE, 61:11
261, 5, 41877582, MOVE TO CITY(53 27), BEGIN, 61:11
261, 5, 41943108, MOVE TO CITY (ALREADY THERE), COMPLETE, 61:11
261, 5, 41943108, MOVE TO CITY(53 27), BEGIN, 61:11
261, 5, 42008639, MOVE TO CITY (ALREADY THERE), COMPLETE, 61:11
261, 5, 42008639, MOVE TO CITY(53 27), BEGIN, 61:11
261, 5, 42074131, MOVE TO CITY (ALREADY THERE), COMPLETE, 61:11
261, 5, 42074131, MOVE TO CITY(53 27), BEGIN, 61:11
261, 6, 34865257, MOVE TO CITY(37 10), BEGIN, 25:20
261, 6, 34930794, MOVE TO CITY(37 10), BEGIN, 25:20
261, 6, 35192933, MOVE TO CITY (ALREADY THERE), COMPLETE, 25:20
261, 6, 35258454, MOVE TO CITY (ALREADY THERE), COMPLETE, 25:20
261, 7, 33488918, MOVE TO CITY (ALREADY THERE), COMPLETE, 17:13
261, 7, 33488918, GAIN SOURCES, BEGIN, 17:13
261, 7, 33554440, MOVE TO CITY (ALREADY THERE), COMPLETE, 17:13
261, 7, 33554440, GAIN SOURCES, BEGIN, 17:13
261, 7, 33620034, MOVE TO CITY (ALREADY THERE), COMPLETE, 17:13
261, 7, 33620034, GAIN SOURCES, BEGIN, 17:13
261, 7, 33685560, MOVE TO CITY (ALREADY THERE), COMPLETE, 17:13
261, 7, 33685560, GAIN SOURCES, BEGIN, 17:13
261, 7, 33751080, MOVE TO CITY (ALREADY THERE), COMPLETE, 17:13
261, 7, 33751080, GAIN SOURCES, BEGIN, 17:13
262, 1, 26476641, MOVE TO CITY(17 13), BEGIN, 37:10
262, 1, 26607716, MOVE TO CITY (ALREADY THERE), COMPLETE, 37:10
262, 4, 31916144, MOVE TO CITY (ALREADY THERE), COMPLETE, 37:10
262, 4, 31916144, MOVE TO CITY(39 20), BEGIN, 37:10
262, 4, 31981679, MOVE TO CITY (ALREADY THERE), COMPLETE, 37:10
262, 4, 31981679, MOVE TO CITY(39 20), BEGIN, 37:10
262, 4, 32112678, MOVE TO CITY (ALREADY THERE), COMPLETE, 39:20
262, 4, 32047192, MOVE TO CITY (ALREADY THERE), COMPLETE, 37:10
262, 4, 32047192, MOVE TO CITY(39 20), BEGIN, 37:10
262, 5, 42270836, MOVE TO CITY (ALREADY THERE), COMPLETE, 53:27
262, 5, 42336342, MOVE TO CITY (ALREADY THERE), COMPLETE, 53:27
262, 5, 42401870, MOVE TO CITY (ALREADY THERE), COMPLETE, 53:27
262, 5, 42467396, MOVE TO CITY (ALREADY THERE), COMPLETE, 53:27
262, 6, 35389546, MOVE TO CITY (ALREADY THERE), COMPLETE, 37:10
262, 6, 35389546, MOVE TO CITY(25 20), BEGIN, 37:10
262, 6, 35192933, MOVE TO CITY(37 10), BEGIN, 25:20
262, 6, 35258454, MOVE TO CITY(37 10), BEGIN, 25:20
263, 1, 26607716, MOVE TO CITY(17 13), BEGIN, 37:10
263, 4, 32374895, MOVE TO CITY (ALREADY THERE), COMPLETE, 39:20
263, 4, 32440422, MOVE TO CITY (ALREADY THERE), COMPLETE, 39:20
263, 4, 32309360, MOVE TO CITY (ALREADY THERE), COMPLETE, 37:10
263, 4, 32309360, MOVE TO CITY(39 20), BEGIN, 37:10
263, 4, 32112678, MOVE TO CITY(37 10), BEGIN, 39:20
263, 4, 32505944, MOVE TO CITY (ALREADY THERE), COMPLETE, 39:20
263, 5, 42467396, MOVE TO CITY(17 13), BEGIN, 53:27
263, 5, 42270836, MOVE TO CITY(17 13), BEGIN, 53:27
263, 5, 42336342, MOVE TO CITY(17 13), BEGIN, 53:27
263, 5, 42401870, MOVE TO CITY(17 13), BEGIN, 53:27
263, 6, 35455082, MOVE TO CITY (ALREADY THERE), COMPLETE, 37:10
263, 6, 35455082, MOVE TO CITY(25 20), BEGIN, 37:10
263, 6, 35586134, MOVE TO CITY (ALREADY THERE), COMPLETE, 25:20
263, 6, 35520613, MOVE TO CITY (ALREADY THERE), COMPLETE, 37:10
263, 6, 35520613, MOVE TO CITY(25 20), BEGIN, 37:10
264, 1, 26804324, MOVE TO CITY (ALREADY THERE), COMPLETE, 17:13
264, 1, 26804324, GAIN SOURCES, BEGIN, 17:13
264, 1, 26869848, MOVE TO CITY (ALREADY THERE), COMPLETE, 17:13
264, 1, 26869848, GAIN SOURCES, BEGIN, 17:13
264, 4, 32374895, MOVE TO CITY(37 10), BEGIN, 39:20
264, 4, 32440422, MOVE TO CITY(37 10), BEGIN, 39:20
264, 4, 32505944, MOVE TO CITY(37 10), BEGIN, 39:20
264, 4, 32571507, MOVE TO CITY (ALREADY THERE), COMPLETE, 39:20
264, 5, 42729588, MOVE TO CITY (ALREADY THERE), COMPLETE, 17:13
264, 5, 42729588, GAIN SOURCES, BEGIN, 17:13
264, 6, 35979357, MOVE TO CITY (ALREADY THERE), COMPLETE, 25:20
264, 6, 35848298, MOVE TO CITY (ALREADY THERE), COMPLETE, 37:10
264, 6, 35848298, MOVE TO CITY(25 20), BEGIN, 37:10
264, 6, 35913829, MOVE TO CITY (ALREADY THERE), COMPLETE, 37:10
264, 6, 35913829, MOVE TO CITY(25 20), BEGIN, 37:10
264, 6, 36044881, MOVE TO CITY (ALREADY THERE), COMPLETE, 25:20
264, 6, 35586134, MOVE TO CITY(37 10), BEGIN, 25:20
265, 1, 27000928, MOVE TO CITY (ALREADY THERE), COMPLETE, 17:13
265, 1, 27000928, GAIN SOURCES, BEGIN, 17:13
265, 4, 32571507, MOVE TO CITY(37 10), BEGIN, 39:20
265, 4, 32768111, MOVE TO CITY (ALREADY THERE), COMPLETE, 37:10
265, 4, 32768111, MOVE TO CITY(39 20), BEGIN, 37:10
265, 6, 36044881, MOVE TO CITY(37 10), BEGIN, 25:20
265, 6, 36241514, MOVE TO CITY (ALREADY THERE), COMPLETE, 25:20
265, 6, 36307045, MOVE TO CITY (ALREADY THERE), COMPLETE, 25:20
265, 6, 35979357, MOVE TO CITY(37 10), BEGIN, 25:20
266, 1, 27197538, MOVE TO CITY (ALREADY THERE), COMPLETE, 17:13
266, 1, 27197538, GAIN SOURCES, BEGIN, 17:13
266, 4, 32899187, MOVE TO CITY (ALREADY THERE), COMPLETE, 37:10
266, 4, 32899187, MOVE TO CITY(39 20), BEGIN, 37:10
266, 4, 32964719, MOVE TO CITY (ALREADY THERE), COMPLETE, 37:10
266, 4, 32964719, MOVE TO CITY(39 20), BEGIN, 37:10
266, 4, 33030245, MOVE TO CITY (ALREADY THERE), COMPLETE, 37:10
266, 4, 33030245, MOVE TO CITY(39 20), BEGIN, 37:10
266, 4, 33095736, MOVE TO CITY (ALREADY THERE), COMPLETE, 39:20
266, 5, 42991735, MOVE TO CITY (ALREADY THERE), COMPLETE, 17:13
266, 5, 42991735, GAIN SOURCES, BEGIN, 17:13
266, 5, 43057235, MOVE TO CITY (ALREADY THERE), COMPLETE, 17:13
266, 5, 43057235, GAIN SOURCES, BEGIN, 17:13
266, 5, 43122768, MOVE TO CITY (ALREADY THERE), COMPLETE, 17:13
266, 5, 43122768, GAIN SOURCES, BEGIN, 17:13
266, 5, 43188298, MOVE TO CITY (ALREADY THERE), COMPLETE, 17:13
266, 5, 43188298, GAIN SOURCES, BEGIN, 17:13
266, 6, 36241514, MOVE TO CITY(37 10), BEGIN, 25:20
266, 6, 36307045, MOVE TO CITY(37 10), BEGIN, 25:20
266, 6, 36438109, MOVE TO CITY (ALREADY THERE), COMPLETE, 37:10
266, 6, 36438109, MOVE TO CITY(25 20), BEGIN, 37:10
266, 7, 33488918, MOVE TO CITY(61 11), BEGIN, 17:13
266, 7, 33554440, MOVE TO CITY(61 11), BEGIN, 17:13
266, 7, 33620034, MOVE TO CITY(61 11), BEGIN, 17:13
266, 7, 33685560, MOVE TO CITY(61 11), BEGIN, 17:13
266, 7, 33751080, MOVE TO CITY(61 11), BEGIN, 17:13
267, 4, 33292399, MOVE TO CITY (ALREADY THERE), COMPLETE, 39:20
267, 4, 33357925, MOVE TO CITY (ALREADY THERE), COMPLETE, 39:20
267, 4, 33423457, MOVE TO CITY (ALREADY THERE), COMPLETE, 39:20
267, 4, 33226867, MOVE TO CITY (ALREADY THERE), COMPLETE, 37:10
267, 4, 33226867, MOVE TO CITY(39 20), BEGIN, 37:10
267, 4, 33095736, MOVE TO CITY(37 10), BEGIN, 39:20
267, 6, 36569194, MOVE TO CITY (ALREADY THERE), COMPLETE, 37:10
267, 6, 36569194, MOVE TO CITY(25 20), BEGIN, 37:10
267, 6, 36634725, MOVE TO CITY (ALREADY THERE), COMPLETE, 37:10
267, 6, 36634725, MOVE TO CITY(25 20), BEGIN, 37:10
267, 6, 36700253, MOVE TO CITY (ALREADY THERE), COMPLETE, 25:20
267, 7, 34668662, MOVE TO CITY (ALREADY THERE), COMPLETE, 61:11
267, 7, 34734147, MOVE TO CITY (ALREADY THERE), COMPLETE, 61:11
267, 7, 34799682, MOVE TO CITY (ALREADY THERE), COMPLETE, 61:11
267, 7, 34865208, MOVE TO CITY (ALREADY THERE), COMPLETE, 61:11
267, 7, 34930728, MOVE TO CITY (ALREADY THERE), COMPLETE, 61:11
268, 4, 33423457, MOVE TO CITY(37 10), BEGIN, 39:20
268, 4, 33292399, MOVE TO CITY(37 10), BEGIN, 39:20
268, 4, 33554547, MOVE TO CITY (ALREADY THERE), COMPLETE, 39:20
268, 4, 33357925, MOVE TO CITY(37 10), BEGIN, 39:20
268, 6, 36962389, MOVE TO CITY (ALREADY THERE), COMPLETE, 25:20
268, 6, 36700253, MOVE TO CITY(37 10), BEGIN, 25:20
268, 6, 37027910, MOVE TO CITY (ALREADY THERE), COMPLETE, 25:20
268, 6, 36831338, MOVE TO CITY (ALREADY THERE), COMPLETE, 37:10
268, 6, 36831338, MOVE TO CITY(25 20), BEGIN, 37:10
268, 6, 36896869, MOVE TO CITY (ALREADY THERE), COMPLETE, 37:10
268, 6, 36896869, MOVE TO CITY(25 20), BEGIN, 37:10
268, 7, 34668662, MOVE TO CITY(17 13), BEGIN, 61:11
268, 7, 34734147, MOVE TO CITY(17 13), BEGIN, 61:11
268, 7, 34799682, MOVE TO CITY(17 13), BEGIN, 61:11
268, 7, 34865208, MOVE TO CITY(17 13), BEGIN, 61:11
268, 7, 34930728, MOVE TO CITY(17 13), BEGIN, 61:11
269, 1, 26804324, MOVE TO CITY(37 10), BEGIN, 17:13
269, 1, 26869848, MOVE TO CITY(37 10), BEGIN, 17:13
269, 4, 33554547, MOVE TO CITY(37 10), BEGIN, 39:20
269, 4, 33620079, MOVE TO CITY (ALREADY THERE), COMPLETE, 37:10
269, 4, 33620079, MOVE TO CITY(39 20), BEGIN, 37:10
269, 5, 42729588, MOVE TO CITY(53 27), BEGIN, 17:13
269, 6, 36962389, MOVE TO CITY(37 10), BEGIN, 25:20
269, 6, 37224554, MOVE TO CITY (ALREADY THERE), COMPLETE, 25:20
269, 6, 37290085, MOVE TO CITY (ALREADY THERE), COMPLETE, 25:20
269, 6, 37027910, MOVE TO CITY(37 10), BEGIN, 25:20
270, 1, 27852900, MOVE TO CITY (ALREADY THERE), COMPLETE, 37:10
270, 1, 27918424, MOVE TO CITY (ALREADY THERE), COMPLETE, 37:10
270, 1, 27000928, MOVE TO CITY(37 10), BEGIN, 17:13
270, 4, 33751155, MOVE TO CITY (ALREADY THERE), COMPLETE, 37:10
270, 4, 33751155, MOVE TO CITY(39 20), BEGIN, 37:10
270, 4, 33816687, MOVE TO CITY (ALREADY THERE), COMPLETE, 37:10
270, 4, 33816687, MOVE TO CITY(39 20), BEGIN, 37:10
270, 4, 33947660, MOVE TO CITY (ALREADY THERE), COMPLETE, 39:20
270, 4, 33882128, MOVE TO CITY (ALREADY THERE), COMPLETE, 37:10
270, 4, 33882128, MOVE TO CITY(39 20), BEGIN, 37:10
270, 5, 43450484, MOVE TO CITY (ALREADY THERE), COMPLETE, 53:27
270, 6, 37224554, MOVE TO CITY(37 10), BEGIN, 25:20
270, 6, 37421165, MOVE TO CITY (ALREADY THERE), COMPLETE, 37:10
270, 6, 37421165, MOVE TO CITY(25 20), BEGIN, 37:10
270, 6, 37290085, MOVE TO CITY(37 10), BEGIN, 25:20
270, 7, 35455045, MOVE TO CITY (ALREADY THERE), COMPLETE, 17:13
270, 7, 35455045, MOVE TO CITY(61 11), BEGIN, 17:13
270, 7, 35520563, MOVE TO CITY (ALREADY THERE), COMPLETE, 17:13
270, 7, 35520563, MOVE TO CITY(61 11), BEGIN, 17:13
270, 7, 35586104, MOVE TO CITY (ALREADY THERE), COMPLETE, 17:13
270, 7, 35586104, MOVE TO CITY(61 11), BEGIN, 17:13
270, 7, 35651624, MOVE TO CITY (ALREADY THERE), COMPLETE, 17:13
270, 7, 35651624, MOVE TO CITY(61 11), BEGIN, 17:13
270, 7, 35717136, MOVE TO CITY (ALREADY THERE), COMPLETE, 17:13
270, 7, 35717136, MOVE TO CITY(61 11), BEGIN, 17:13
271, 1, 27852900, MOVE TO CITY(17 13), BEGIN, 37:10
271, 1, 27197538, MOVE TO CITY(37 10), BEGIN, 17:13
271, 1, 28114976, MOVE TO CITY (ALREADY THERE), COMPLETE, 37:10
271, 4, 33947660, MOVE TO CITY(37 10), BEGIN, 39:20
271, 4, 34078831, MOVE TO CITY (ALREADY THERE), COMPLETE, 39:20
271, 4, 34144354, MOVE TO CITY (ALREADY THERE), COMPLETE, 39:20
271, 4, 34013299, MOVE TO CITY (ALREADY THERE), COMPLETE, 37:10
271, 4, 34013299, MOVE TO CITY(39 20), BEGIN, 37:10
271, 4, 34209873, MOVE TO CITY (ALREADY THERE), COMPLETE, 39:20
271, 5, 42991735, MOVE TO CITY(53 27), BEGIN, 17:13
271, 5, 43450484, MOVE TO CITY(61 11), BEGIN, 53:27
271, 5, 43057235, MOVE TO CITY(53 27), BEGIN, 17:13
271, 5, 43122768, MOVE TO CITY(53 27), BEGIN, 17:13
271, 5, 43188298, MOVE TO CITY(53 27), BEGIN, 17:13
271, 6, 37748837, MOVE TO CITY (ALREADY THERE), COMPLETE, 25:20
271, 6, 37617773, MOVE TO CITY (ALREADY THERE), COMPLETE, 37:10
271, 6, 37617773, MOVE TO CITY(25 20), BEGIN, 37:10
271, 6, 37683306, MOVE TO CITY (ALREADY THERE), COMPLETE, 37:10
271, 6, 37683306, MOVE TO CITY(25 20), BEGIN, 37:10
271, 7, 35913801, MOVE TO CITY (ALREADY THERE), COMPLETE, 61:11
271, 7, 35979333, MOVE TO CITY (ALREADY THERE), COMPLETE, 61:11
271, 7, 36044856, MOVE TO CITY (ALREADY THERE), COMPLETE, 61:11
271, 7, 36110387, MOVE TO CITY (ALREADY THERE), COMPLETE, 61:11
271, 7, 36175912, MOVE TO CITY (ALREADY THERE), COMPLETE, 61:11
272, 1, 28180580, MOVE TO CITY (ALREADY THERE), COMPLETE, 37:10
272, 4, 34078831, MOVE TO CITY(37 10), BEGIN, 39:20
272, 4, 34144354, MOVE TO CITY(37 10), BEGIN, 39:20
272, 4, 34209873, MOVE TO CITY(37 10), BEGIN, 39:20
272, 4, 34472051, MOVE TO CITY (ALREADY THERE), COMPLETE, 39:20
272, 5, 43712631, MOVE TO CITY (ALREADY THERE), COMPLETE, 53:27
272, 5, 43778164, MOVE TO CITY (ALREADY THERE), COMPLETE, 53:27
272, 5, 43843667, MOVE TO CITY (ALREADY THERE), COMPLETE, 53:27
272, 5, 43909200, MOVE TO CITY (ALREADY THERE), COMPLETE, 53:27
272, 6, 37748837, MOVE TO CITY(37 10), BEGIN, 25:20
272, 6, 37945453, MOVE TO CITY (ALREADY THERE), COMPLETE, 37:10
272, 6, 37945453, MOVE TO CITY(25 20), BEGIN, 37:10
272, 6, 38076492, MOVE TO CITY (ALREADY THERE), COMPLETE, 25:20
272, 6, 38010986, MOVE TO CITY (ALREADY THERE), COMPLETE, 37:10
272, 6, 38010986, MOVE TO CITY(25 20), BEGIN, 37:10
272, 6, 38141998, MOVE TO CITY (ALREADY THERE), COMPLETE, 25:20
272, 7, 35913801, MOVE TO CITY(17 13), BEGIN, 61:11
272, 7, 35979333, MOVE TO CITY(17 13), BEGIN, 61:11
272, 7, 36044856, MOVE TO CITY(17 13), BEGIN, 61:11
272, 7, 36110387, MOVE TO CITY(17 13), BEGIN, 61:11
272, 7, 36175912, MOVE TO CITY(17 13), BEGIN, 61:11
273, 1, 28311584, MOVE TO CITY (ALREADY THERE), COMPLETE, 17:13
273, 1, 28311584, MOVE TO CITY(37 10), BEGIN, 17:13
273, 1, 28180580, MOVE TO CITY(17 13), BEGIN, 37:10
273, 4, 34668655, MOVE TO CITY (ALREADY THERE), COMPLETE, 37:10
273, 4, 34668655, MOVE TO CITY(39 20), BEGIN, 37:10
273, 4, 34472051, MOVE TO CITY(37 10), BEGIN, 39:20
273, 5, 43778164, MOVE TO CITY(61 11), BEGIN, 53:27
273, 5, 44171306, MOVE TO CITY (ALREADY THERE), COMPLETE, 61:11
273, 5, 44171306, GAIN SOURCES, BEGIN, 61:11
273, 5, 43843667, MOVE TO CITY(61 11), BEGIN, 53:27
273, 5, 43909200, MOVE TO CITY(61 11), BEGIN, 53:27
273, 5, 43712631, MOVE TO CITY(61 11), BEGIN, 53:27
273, 6, 38273133, MOVE TO CITY (ALREADY THERE), COMPLETE, 25:20
273, 6, 38076492, MOVE TO CITY(37 10), BEGIN, 25:20
273, 6, 38338666, MOVE TO CITY (ALREADY THERE), COMPLETE, 25:20
273, 6, 38141998, MOVE TO CITY(37 10), BEGIN, 25:20
274, 1, 28442724, MOVE TO CITY (ALREADY THERE), COMPLETE, 37:10
274, 4, 34930803, MOVE TO CITY (ALREADY THERE), COMPLETE, 39:20
274, 4, 34734147, MOVE TO CITY (ALREADY THERE), COMPLETE, 37:10
274, 4, 34734147, MOVE TO CITY(39 20), BEGIN, 37:10
274, 4, 34799647, MOVE TO CITY (ALREADY THERE), COMPLETE, 37:10
274, 4, 34799647, MOVE TO CITY(39 20), BEGIN, 37:10
274, 4, 34865158, MOVE TO CITY (ALREADY THERE), COMPLETE, 37:10
274, 4, 34865158, MOVE TO CITY(39 20), BEGIN, 37:10
274, 5, 44302455, GAIN SOURCES, BEGIN, 53:27
274, 6, 38273133, MOVE TO CITY(37 10), BEGIN, 25:20
274, 6, 38600780, MOVE TO CITY (ALREADY THERE), COMPLETE, 37:10
274, 6, 38600780, MOVE TO CITY(25 20), BEGIN, 37:10
274, 6, 38338666, MOVE TO CITY(37 10), BEGIN, 25:20
274, 7, 36372592, MOVE TO CITY (ALREADY THERE), COMPLETE, 17:13
274, 7, 36372592, MOVE TO CITY(61 11), BEGIN, 17:13
274, 7, 36438115, MOVE TO CITY (ALREADY THERE), COMPLETE, 17:13
274, 7, 36438115, MOVE TO CITY(61 11), BEGIN, 17:13
274, 7, 36503620, MOVE TO CITY (ALREADY THERE), COMPLETE, 17:13
274, 7, 36503620, MOVE TO CITY(61 11), BEGIN, 17:13
274, 7, 36569182, MOVE TO CITY (ALREADY THERE), COMPLETE, 17:13
274, 7, 36569182, MOVE TO CITY(61 11), BEGIN, 17:13
274, 7, 36634705, MOVE TO CITY (ALREADY THERE), COMPLETE, 17:13
274, 7, 36634705, MOVE TO CITY(61 11), BEGIN, 17:13
275, 1, 28639318, MOVE TO CITY (ALREADY THERE), COMPLETE, 17:13
275, 1, 28639318, MOVE TO CITY(37 10), BEGIN, 17:13
275, 1, 28442724, MOVE TO CITY(17 13), BEGIN, 37:10
275, 4, 34930803, MOVE TO CITY(37 10), BEGIN, 39:20
275, 4, 35127327, MOVE TO CITY (ALREADY THERE), COMPLETE, 39:20
275, 4, 35192838, MOVE TO CITY (ALREADY THERE), COMPLETE, 39:20
275, 4, 35061827, MOVE TO CITY (ALREADY THERE), COMPLETE, 37:10
275, 4, 35061827, MOVE TO CITY(39 20), BEGIN, 37:10
275, 4, 35258471, MOVE TO CITY (ALREADY THERE), COMPLETE, 39:20
275, 5, 44367988, MOVE TO CITY (ALREADY THERE), COMPLETE, 61:11
275, 5, 44367988, GAIN SOURCES, BEGIN, 61:11
275, 5, 44302455, GAIN SOURCES, BEGIN, 53:27
275, 5, 44433491, MOVE TO CITY (ALREADY THERE), COMPLETE, 61:11
275, 5, 44433491, GAIN SOURCES, BEGIN, 61:11
275, 5, 44499024, MOVE TO CITY (ALREADY THERE), COMPLETE, 61:11
275, 5, 44499024, GAIN SOURCES, BEGIN, 61:11
275, 5, 44564513, MOVE TO CITY (ALREADY THERE), COMPLETE, 61:11
275, 5, 44564513, GAIN SOURCES, BEGIN, 61:11
275, 6, 38862949, MOVE TO CITY (ALREADY THERE), COMPLETE, 25:20
275, 6, 38731885, MOVE TO CITY (ALREADY THERE), COMPLETE, 37:10
275, 6, 38731885, MOVE TO CITY(25 20), BEGIN, 37:10
275, 6, 38797418, MOVE TO CITY (ALREADY THERE), COMPLETE, 37:10
275, 6, 38797418, MOVE TO CITY(25 20), BEGIN, 37:10
275, 7, 36896887, MOVE TO CITY (ALREADY THERE), COMPLETE, 61:11
275, 7, 36962400, MOVE TO CITY (ALREADY THERE), COMPLETE, 61:11
275, 7, 37027952, MOVE TO CITY (ALREADY THERE), COMPLETE, 61:11
275, 7, 37093475, MOVE TO CITY (ALREADY THERE), COMPLETE, 61:11
275, 7, 37159006, MOVE TO CITY (ALREADY THERE), COMPLETE, 61:11
276, 1, 28704868, MOVE TO CITY (ALREADY THERE), COMPLETE, 37:10
276, 4, 35258471, MOVE TO CITY(37 10), BEGIN, 39:20
276, 4, 35127327, MOVE TO CITY(37 10), BEGIN, 39:20
276, 4, 35192838, MOVE TO CITY(37 10), BEGIN, 39:20
276, 4, 35324015, MOVE TO CITY (ALREADY THERE), COMPLETE, 39:20
276, 5, 44367988, GAIN SOURCES, BEGIN, 61:11
276, 5, 44302455, GAIN SOURCES, BEGIN, 53:27
276, 5, 44433491, GAIN SOURCES, BEGIN, 61:11
276, 5, 44499024, GAIN SOURCES, BEGIN, 61:11
276, 6, 39059565, MOVE TO CITY (ALREADY THERE), COMPLETE, 37:10
276, 6, 39059565, GAIN SOURCES, BEGIN, 37:10
276, 6, 39125098, MOVE TO CITY (ALREADY THERE), COMPLETE, 37:10
276, 6, 39125098, GAIN SOURCES, BEGIN, 37:10
276, 6, 38862949, MOVE TO CITY(37 10), BEGIN, 25:20
276, 6, 39190617, MOVE TO CITY (ALREADY THERE), COMPLETE, 25:20
276, 6, 39256105, MOVE TO CITY (ALREADY THERE), COMPLETE, 25:20
276, 7, 36896887, MOVE TO CITY(17 13), BEGIN, 61:11
276, 7, 37027952, MOVE TO CITY(17 13), BEGIN, 61:11
276, 7, 37093475, MOVE TO CITY(17 13), BEGIN, 61:11
276, 7, 36962400, MOVE TO CITY(17 13), BEGIN, 61:11
276, 7, 37159006, MOVE TO CITY(17 13), BEGIN, 61:11
277, 1, 28704868, MOVE TO CITY(17 13), BEGIN, 37:10
277, 1, 28835939, MOVE TO CITY (ALREADY THERE), COMPLETE, 17:13
277, 1, 28835939, MOVE TO CITY(37 10), BEGIN, 17:13
277, 4, 35389462, MOVE TO CITY (ALREADY THERE), COMPLETE, 37:10
277, 4, 35389462, GAIN SOURCES, BEGIN, 37:10
277, 4, 35324015, MOVE TO CITY(37 10), BEGIN, 39:20
277, 5, 44302455, GAIN SOURCES, BEGIN, 53:27
277, 6, 39190617, MOVE TO CITY(37 10), BEGIN, 25:20
277, 6, 39256105, MOVE TO CITY(37 10), BEGIN, 25:20
