Game Turn, Event, Attacker, Unit, Defender, Unit, Mayhem, Current Total
182, Combat, 2, District, 6, UNIT_BRAZILIAN_MINAS_GERAES, 1.0, 2227.5
182, Combat, 5, UNIT_IRONCLAD, 6, UNIT_BRAZILIAN_MINAS_GERAES, 1.0, 2228.5
182, Combat, 6, District, 2, UNIT_AT_CREW, 1.0, 2229.5
182, Death, 6, DISTRICT_ENCAMPMENT, 2, UNIT_AT_CREW, 1.0, 2230.5
183, Combat, 2, District, 6, UNIT_KNIGHT, 1.0, 2231.5
183, Combat, 5, UNIT_FRIGATE, 6, UNIT_BRAZILIAN_MINAS_GERAES, 1.0, 2232.5
183, Combat, 5, UNIT_FRIGATE, 6, UNIT_BRAZILIAN_MINAS_GERAES, 1.0, 2233.5
183, Denounce Player, 7, , 2, , 1.0, 2234.5
184, Combat, 5, UNIT_FRIGATE, 6, UNIT_BRAZILIAN_MINAS_GERAES, 1.0, 2235.5
184, Combat, 5, UNIT_FRIGATE, 6, UNIT_BRAZILIAN_MINAS_GERAES, 1.0, 2236.5
184, Combat, 5, UNIT_IRONCLAD, 6, UNIT_BRAZILIAN_MINAS_GERAES, 1.0, 2237.5
184, Death, 5, UNIT_IRONCLAD, 6, UNIT_BRAZILIAN_MINAS_GERAES, 1.0, 2238.5
185, Combat, 2, UNIT_AT_CREW, 6, UNIT_KNIGHT, 1.0, 2239.5
185, Combat, 2, District, 6, UNIT_BRAZILIAN_MINAS_GERAES, 1.0, 2240.5
185, Barb Combat, 5, UNIT_KNIGHT, 63, UNIT_SCOUT, 0.5, 2241.0
185, Barb Death, 5, UNIT_KNIGHT, 63, UNIT_SCOUT, 0.5, 2241.5
186, Denounce Player, 2, , 1, , 1.0, 2242.5
186, Combat, 2, District, 6, UNIT_KNIGHT, 1.0, 2243.5
186, Death, 2, DISTRICT_CITY_CENTER, 6, UNIT_KNIGHT, 1.0, 2244.5
186, Denounce Player, 5, , 4, , 1.0, 2245.5
186, Combat, 5, UNIT_FRIGATE, 6, UNIT_BRAZILIAN_MINAS_GERAES, 1.0, 2246.5
186, Combat, 5, UNIT_FRIGATE, 6, UNIT_BRAZILIAN_MINAS_GERAES, 1.0, 2247.5
186, Combat, 5, UNIT_IRONCLAD, 6, UNIT_BRAZILIAN_MINAS_GERAES, 1.0, 2248.5
186, Death, 6, UNIT_BRAZILIAN_MINAS_GERAES, 5, UNIT_IRONCLAD, 1.0, 2249.5
187, Combat, 2, UNIT_AT_CREW, 6, UNIT_CROSSBOWMAN, 1.0, 2250.5
187, Death, 2, UNIT_AT_CREW, 6, UNIT_CROSSBOWMAN, 1.0, 2251.5
187, Combat, 2, District, 6, UNIT_KNIGHT, 1.0, 2252.5
187, Death, 2, DISTRICT_CITY_CENTER, 6, UNIT_KNIGHT, 1.0, 2253.5
187, Barb Combat, 5, UNIT_KNIGHT, 63, UNIT_AT_CREW, 0.5, 2254.0
187, Combat, 5, UNIT_FRIGATE, 6, UNIT_BRAZILIAN_MINAS_GERAES, 1.0, 2255.0
187, Combat, 5, UNIT_FRIGATE, 6, UNIT_BRAZILIAN_MINAS_GERAES, 1.0, 2256.0
188, Combat, 2, UNIT_AT_CREW, 6, UNIT_KNIGHT, 1.0, 2257.0
188, Death, 2, UNIT_AT_CREW, 6, UNIT_KNIGHT, 1.0, 2258.0
188, Combat, 2, District, 6, UNIT_BRAZILIAN_MINAS_GERAES, 1.0, 2259.0
188, Death, 2, DISTRICT_ENCAMPMENT, 6, UNIT_BRAZILIAN_MINAS_GERAES, 1.0, 2260.0
188, Barb Combat, 5, UNIT_KNIGHT, 63, UNIT_AT_CREW, 0.5, 2260.5
188, Combat, 6, District, 2, UNIT_AT_CREW, 1.0, 2261.5
188, Death, 6, DISTRICT_ENCAMPMENT, 2, UNIT_AT_CREW, 1.0, 2262.5
188, Barb Combat, 63, UNIT_AT_CREW, 5, UNIT_KNIGHT, 0.5, 2263.0
188, Barb Death, 63, UNIT_AT_CREW, 5, UNIT_KNIGHT, 0.5, 2263.5
189, Declare war, 20, , 6, , 2.0, 2265.5
189, Combat, 2, District, 6, UNIT_BRAZILIAN_MINAS_GERAES, 1.0, 2266.5
189, Barb Combat, 5, UNIT_KNIGHT, 63, UNIT_AT_CREW, 0.5, 2267.0
190, Combat, 2, District, 6, UNIT_BRAZILIAN_MINAS_GERAES, 1.0, 2268.0
190, Barb Combat, 5, UNIT_KNIGHT, 63, UNIT_AT_CREW, 0.5, 2268.5
190, Barb Death, 63, UNIT_AT_CREW, 5, UNIT_KNIGHT, 0.5, 2269.0
190, Barb Combat, 5, UNIT_KNIGHT, 63, UNIT_AT_CREW, 0.5, 2269.5
190, Barb Death, 5, UNIT_KNIGHT, 63, UNIT_AT_CREW, 0.5, 2270.0
190, Barb Combat, 63, UNIT_CROSSBOWMAN, 5, UNIT_KNIGHT, 0.5, 2270.5
191, Denounce Player, 1, , 2, , 1.0, 2271.5
191, Combat, 2, District, 6, UNIT_BRAZILIAN_MINAS_GERAES, 1.0, 2272.5
191, Barb Combat, 2, District, 63, UNIT_MECHANIZED_INFANTRY, 0.5, 2273.0
191, Barb Combat, 2, District, 63, UNIT_BOMBARD, 0.5, 2273.5
191, Death, 2, DISTRICT_CITY_CENTER, 63, UNIT_BOMBARD, 1.0, 2274.5
191, Combat, 2, UNIT_APOSTLE, 7, UNIT_MISSIONARY, 1.0, 2275.5
191, Barb Combat, 63, UNIT_CROSSBOWMAN, 5, UNIT_KNIGHT, 0.5, 2276.0
192, Barb Combat, 1, UNIT_JET_BOMBER, 63, UNIT_MECHANIZED_INFANTRY, 0.5, 2276.5
192, Barb Combat, 1, UNIT_JET_BOMBER, 63, UNIT_MECHANIZED_INFANTRY, 0.5, 2277.0
192, Combat, 2, District, 6, UNIT_BRAZILIAN_MINAS_GERAES, 1.0, 2278.0
192, Barb Combat, 2, District, 63, UNIT_MECHANIZED_INFANTRY, 0.5, 2278.5
192, Barb Combat, 2, District, 63, UNIT_MECHANIZED_INFANTRY, 0.5, 2279.0
192, Death, 2, DISTRICT_CITY_CENTER, 63, UNIT_MECHANIZED_INFANTRY, 1.0, 2280.0
192, Barb Combat, 63, UNIT_CROSSBOWMAN, 5, UNIT_KNIGHT, 0.5, 2280.5
192, District Pillaged, -1, , 2, DISTRICT_AERODROME, 2.0, 2282.5
193, Barb Combat, 2, District, 63, UNIT_MECHANIZED_INFANTRY, 0.5, 2283.0
193, Barb Combat, 2, District, 63, UNIT_MECHANIZED_INFANTRY, 0.5, 2283.5
193, Death, 2, DISTRICT_ENCAMPMENT, 63, UNIT_MECHANIZED_INFANTRY, 1.0, 2284.5
193, Barb Combat, 2, District, 63, UNIT_MECHANIZED_INFANTRY, 0.5, 2285.0
193, Combat, 2, UNIT_BOMBER, 6, UNIT_BRAZILIAN_MINAS_GERAES, 1.0, 2286.0
193, Barb Combat, 5, UNIT_KNIGHT, 63, UNIT_CROSSBOWMAN, 0.5, 2286.5
193, Barb Combat, 63, UNIT_CROSSBOWMAN, 5, UNIT_KNIGHT, 0.5, 2287.0
194, Barb Combat, 2, UNIT_AT_CREW, 63, UNIT_MECHANIZED_INFANTRY, 0.5, 2287.5
194, Combat, 2, District, 6, UNIT_BRAZILIAN_MINAS_GERAES, 1.0, 2288.5
194, Barb Combat, 2, District, 63, UNIT_MECHANIZED_INFANTRY, 0.5, 2289.0
194, Barb Combat, 2, District, 63, UNIT_MECHANIZED_INFANTRY, 0.5, 2289.5
194, Death, 2, DISTRICT_CITY_CENTER, 63, UNIT_MECHANIZED_INFANTRY, 1.0, 2290.5
194, Combat, 2, UNIT_BOMBER, 6, UNIT_BRAZILIAN_MINAS_GERAES, 1.0, 2291.5
194, Barb Combat, 5, UNIT_INFANTRY, 63, UNIT_SCOUT, 0.5, 2292.0
194, Barb Death, 5, UNIT_INFANTRY, 63, UNIT_SCOUT, 0.5, 2292.5
194, Barb Combat, 63, UNIT_CROSSBOWMAN, 5, UNIT_KNIGHT, 0.5, 2293.0
195, Declare war, 14, , 6, , 2.0, 2295.0
195, Combat, 6, UNIT_CROSSBOWMAN, 14, UNIT_MUSKETMAN, 1.0, 2296.0
195, Combat, 6, UNIT_CROSSBOWMAN, 14, UNIT_CROSSBOWMAN, 1.0, 2297.0
195, Death, 6, UNIT_CROSSBOWMAN, 14, UNIT_CROSSBOWMAN, 1.0, 2298.0
195, Combat, 6, UNIT_CROSSBOWMAN, 14, UNIT_WARRIOR, 1.0, 2299.0
195, Combat, 6, UNIT_APOSTLE, 5, UNIT_MISSIONARY, 1.0, 2300.0
195, Denounce Player, 7, , 5, , 1.0, 2301.0
195, Combat, 14, UNIT_CROSSBOWMAN, 6, UNIT_CROSSBOWMAN, 1.0, 2302.0
195, Combat, 14, UNIT_MUSKETMAN, 6, UNIT_MUSKETMAN, 1.0, 2303.0
195, Combat, 14, UNIT_PIKEMAN, 6, UNIT_CROSSBOWMAN, 1.0, 2304.0
195, Death, 14, UNIT_PIKEMAN, 6, UNIT_CROSSBOWMAN, 1.0, 2305.0
195, Combat, 14, District, 6, UNIT_HORSEMAN, 1.0, 2306.0
195, Barb Combat, 63, UNIT_CROSSBOWMAN, 5, UNIT_KNIGHT, 0.5, 2306.5
196, Combat, 2, UNIT_AT_CREW, 6, UNIT_CATAPULT, 1.0, 2307.5
196, Death, 2, UNIT_AT_CREW, 6, UNIT_CATAPULT, 1.0, 2308.5
196, Building Pillaged, -1, , 6, BUILDING_STADIUM, 2.0, 2310.5
196, Combat, 2, UNIT_BOMBER, 6, District, 1.0, 2311.5
196, Building Pillaged, -1, , 6, BUILDING_ZOO, 2.0, 2313.5
196, Combat, 2, UNIT_BOMBER, 6, District, 1.0, 2314.5
196, Barb Combat, 5, UNIT_KNIGHT, 63, UNIT_CROSSBOWMAN, 0.5, 2315.0
196, Barb Death, 5, UNIT_KNIGHT, 63, UNIT_CROSSBOWMAN, 0.5, 2315.5
196, Combat, 6, UNIT_CROSSBOWMAN, 14, UNIT_CROSSBOWMAN, 1.0, 2316.5
196, Combat, 6, UNIT_CROSSBOWMAN, 14, UNIT_WARRIOR, 1.0, 2317.5
196, Death, 6, UNIT_CROSSBOWMAN, 14, UNIT_WARRIOR, 1.0, 2318.5
196, Combat, 6, UNIT_MUSKETMAN, 14, UNIT_CROSSBOWMAN, 1.0, 2319.5
196, Death, 6, UNIT_MUSKETMAN, 14, UNIT_CROSSBOWMAN, 1.0, 2320.5
196, Combat, 6, District, 2, UNIT_AT_CREW, 1.0, 2321.5
196, Death, 6, DISTRICT_ENCAMPMENT, 2, UNIT_AT_CREW, 1.0, 2322.5
196, Combat, 6, UNIT_APOSTLE, 7, UNIT_MISSIONARY, 1.0, 2323.5
196, Combat, 14, UNIT_CROSSBOWMAN, 6, UNIT_CROSSBOWMAN, 1.0, 2324.5
196, Combat, 14, UNIT_CROSSBOWMAN, 6, UNIT_HORSEMAN, 1.0, 2325.5
196, Combat, 14, UNIT_PIKEMAN, 6, UNIT_HORSEMAN, 1.0, 2326.5
196, Death, 14, UNIT_PIKEMAN, 6, UNIT_HORSEMAN, 1.0, 2327.5
196, Combat, 14, District, 6, UNIT_CROSSBOWMAN, 1.0, 2328.5
197, Combat, 2, UNIT_BOMBER, 6, UNIT_BRAZILIAN_MINAS_GERAES, 1.0, 2329.5
197, Combat, 2, UNIT_BOMBER, 6, UNIT_BRAZILIAN_MINAS_GERAES, 1.0, 2330.5
197, Combat, 2, UNIT_BOMBER, 6, UNIT_BRAZILIAN_MINAS_GERAES, 1.0, 2331.5
197, Denounce Player, 5, , 2, , 1.0, 2332.5
197, Combat, 6, UNIT_CROSSBOWMAN, 14, UNIT_PIKEMAN, 1.0, 2333.5
197, Death, 6, UNIT_CROSSBOWMAN, 14, UNIT_PIKEMAN, 1.0, 2334.5
197, Combat, 6, UNIT_CROSSBOWMAN, 14, UNIT_CROSSBOWMAN, 1.0, 2335.5
197, Combat, 6, UNIT_KNIGHT, 14, UNIT_CROSSBOWMAN, 1.0, 2336.5
197, Death, 6, UNIT_KNIGHT, 14, UNIT_CROSSBOWMAN, 1.0, 2337.5
197, Combat, 6, UNIT_AT_CREW, 2, UNIT_AT_CREW, 1.0, 2338.5
197, Combat, 6, UNIT_APOSTLE, 5, UNIT_MISSIONARY, 1.0, 2339.5
197, Combat, 14, UNIT_CROSSBOWMAN, 6, UNIT_CROSSBOWMAN, 1.0, 2340.5
197, Combat, 14, UNIT_CROSSBOWMAN, 6, UNIT_AT_CREW, 1.0, 2341.5
197, Combat, 14, UNIT_PIKEMAN, 6, UNIT_AT_CREW, 1.0, 2342.5
197, Combat, 14, District, 6, UNIT_CROSSBOWMAN, 1.0, 2343.5
198, Combat, 0, UNIT_APOSTLE, 7, UNIT_GURU, 1.0, 2344.5
198, Combat, 2, UNIT_AT_CREW, 6, UNIT_FIELD_CANNON, 1.0, 2345.5
198, Denounce Player, 5, , 6, , 1.0, 2346.5
198, Combat, 6, UNIT_CROSSBOWMAN, 14, UNIT_CROSSBOWMAN, 1.0, 2347.5
198, Combat, 6, UNIT_AT_CREW, 14, UNIT_CROSSBOWMAN, 1.0, 2348.5
198, Death, 6, UNIT_AT_CREW, 14, UNIT_CROSSBOWMAN, 1.0, 2349.5
198, Combat, 6, UNIT_MUSKETMAN, 14, UNIT_MUSKETMAN, 1.0, 2350.5
198, Combat, 14, UNIT_CROSSBOWMAN, 6, UNIT_MUSKETMAN, 1.0, 2351.5
198, Death, 14, UNIT_CROSSBOWMAN, 6, UNIT_MUSKETMAN, 1.0, 2352.5
198, Combat, 14, UNIT_PIKEMAN, 6, UNIT_KNIGHT, 1.0, 2353.5
198, Combat, 14, District, 6, UNIT_CROSSBOWMAN, 1.0, 2354.5
199, Declare war, 21, , 6, , 2.0, 2356.5
199, Combat, 6, UNIT_CROSSBOWMAN, 14, UNIT_PIKEMAN, 1.0, 2357.5
199, Death, 6, UNIT_CROSSBOWMAN, 14, UNIT_PIKEMAN, 1.0, 2358.5
199, Combat, 6, UNIT_AT_CREW, 2, UNIT_AT_CREW, 1.0, 2359.5
199, Death, 6, UNIT_AT_CREW, 2, UNIT_AT_CREW, 1.0, 2360.5
199, Combat, 14, UNIT_CROSSBOWMAN, 6, UNIT_FIELD_CANNON, 1.0, 2361.5
199, Combat, 14, UNIT_MUSKETMAN, 6, UNIT_FIELD_CANNON, 1.0, 2362.5
199, Combat, 14, District, 6, UNIT_FIELD_CANNON, 1.0, 2363.5
199, Barb Combat, 63, UNIT_AT_CREW, 4, UNIT_SCOUT, 0.5, 2364.0
199, Barb Death, 63, UNIT_AT_CREW, 4, UNIT_SCOUT, 0.5, 2364.5
200, Combat, 0, UNIT_APOSTLE, 7, UNIT_GURU, 1.0, 2365.5
200, Denounce Player, 1, , 6, , 1.0, 2366.5
200, Combat, 6, UNIT_KNIGHT, 14, UNIT_CROSSBOWMAN, 1.0, 2367.5
200, Death, 6, UNIT_KNIGHT, 14, UNIT_CROSSBOWMAN, 1.0, 2368.5
200, Combat, 14, UNIT_MUSKETMAN, 6, UNIT_AT_CREW, 1.0, 2369.5
200, Death, 6, UNIT_AT_CREW, 14, UNIT_MUSKETMAN, 1.0, 2370.5
200, Combat, 14, District, 6, UNIT_KNIGHT, 1.0, 2371.5
201, Combat, 14, District, 6, UNIT_AT_CREW, 1.0, 2372.5
202, Barb Combat, 4, UNIT_MECHANIZED_INFANTRY, 63, UNIT_MECHANIZED_INFANTRY, 0.5, 2373.0
202, Combat, 6, UNIT_KNIGHT, 14, UNIT_ARCHER, 1.0, 2374.0
202, Death, 6, UNIT_KNIGHT, 14, UNIT_ARCHER, 1.0, 2375.0
202, Combat, 14, District, 6, UNIT_CATAPULT, 1.0, 2376.0
202, Barb Combat, 63, UNIT_AT_CREW, 7, UNIT_MUSKETMAN, 0.5, 2376.5
202, Barb Combat, 63, UNIT_MECHANIZED_INFANTRY, 7, UNIT_MUSKETMAN, 0.5, 2377.0
202, Barb Death, 63, UNIT_MECHANIZED_INFANTRY, 7, UNIT_MUSKETMAN, 0.5, 2377.5
203, Combat, 0, UNIT_APOSTLE, 7, UNIT_GURU, 1.0, 2378.5
203, Death, 7, UNIT_GURU, 0, UNIT_APOSTLE, 1.0, 2379.5
203, Combat, 2, UNIT_BOMBER, 6, UNIT_AT_CREW, 1.0, 2380.5
203, Combat, 2, UNIT_BOMBER, 6, UNIT_AT_CREW, 1.0, 2381.5
203, Combat, 2, UNIT_BOMBER, 6, UNIT_AT_CREW, 1.0, 2382.5
203, Combat, 2, UNIT_BOMBER, 6, UNIT_AT_CREW, 1.0, 2383.5
203, Death, 2, UNIT_BOMBER, 6, UNIT_AT_CREW, 1.0, 2384.5
203, Barb Combat, 4, UNIT_MECHANIZED_INFANTRY, 63, UNIT_AT_CREW, 0.5, 2385.0
203, Barb Death, 4, UNIT_MECHANIZED_INFANTRY, 63, UNIT_AT_CREW, 0.5, 2385.5
203, Barb Combat, 6, District, 63, UNIT_SCOUT, 0.5, 2386.0
203, Death, 6, DISTRICT_CITY_CENTER, 63, UNIT_SCOUT, 1.0, 2387.0
203, Combat, 14, District, 6, UNIT_CATAPULT, 1.0, 2388.0
203, Death, 14, DISTRICT_CITY_CENTER, 6, UNIT_CATAPULT, 1.0, 2389.0
203, Barb Combat, 63, UNIT_MECHANIZED_INFANTRY, 4, UNIT_MECHANIZED_INFANTRY, 0.5, 2389.5
203, Barb Combat, 63, UNIT_MECHANIZED_INFANTRY, 4, UNIT_MECHANIZED_INFANTRY, 0.5, 2390.0
204, Combat, 2, UNIT_BOMBER, 6, UNIT_BRAZILIAN_MINAS_GERAES, 1.0, 2391.0
204, Combat, 2, UNIT_BOMBER, 6, UNIT_BRAZILIAN_MINAS_GERAES, 1.0, 2392.0
204, Combat, 14, District, 6, UNIT_CATAPULT, 1.0, 2393.0
204, Barb Combat, 63, UNIT_MECHANIZED_INFANTRY, 4, UNIT_MECHANIZED_INFANTRY, 0.5, 2393.5
204, Barb Death, 4, UNIT_MECHANIZED_INFANTRY, 63, UNIT_MECHANIZED_INFANTRY, 0.5, 2394.0
204, Barb Combat, 63, UNIT_MECHANIZED_INFANTRY, 4, UNIT_MECHANIZED_INFANTRY, 0.5, 2394.5
204, Barb Death, 63, UNIT_MECHANIZED_INFANTRY, 4, UNIT_MECHANIZED_INFANTRY, 0.5, 2395.0
204, Barb Combat, 63, UNIT_RANGER, 1, UNIT_CATAPULT, 0.5, 2395.5
205, Combat, 2, UNIT_BOMBER, 6, UNIT_FIELD_CANNON, 1.0, 2396.5
205, Combat, 2, UNIT_BOMBER, 6, UNIT_BRAZILIAN_MINAS_GERAES, 1.0, 2397.5
205, Combat, 2, UNIT_BOMBER, 6, UNIT_FIELD_CANNON, 1.0, 2398.5
205, Combat, 14, District, 6, UNIT_CATAPULT, 1.0, 2399.5
205, Death, 14, DISTRICT_CITY_CENTER, 6, UNIT_CATAPULT, 1.0, 2400.5
206, Combat, 2, District, 6, UNIT_BRAZILIAN_MINAS_GERAES, 1.0, 2401.5
206, Combat, 2, UNIT_BOMBER, 6, UNIT_BRAZILIAN_MINAS_GERAES, 1.0, 2402.5
206, Combat, 2, UNIT_BOMBER, 6, UNIT_BRAZILIAN_MINAS_GERAES, 1.0, 2403.5
206, Death, 2, UNIT_BOMBER, 6, UNIT_BRAZILIAN_MINAS_GERAES, 1.0, 2404.5
206, Combat, 14, District, 6, UNIT_BOMBARD, 1.0, 2405.5
207, Combat, 2, District, 6, UNIT_MECHANIZED_INFANTRY, 1.0, 2406.5
207, Death, 2, DISTRICT_CITY_CENTER, 6, UNIT_MECHANIZED_INFANTRY, 1.0, 2407.5
207, Barb Combat, 6, District, 63, UNIT_MECHANIZED_INFANTRY, 0.5, 2408.0
207, Death, 6, DISTRICT_CITY_CENTER, 63, UNIT_MECHANIZED_INFANTRY, 1.0, 2409.0
207, Combat, 14, District, 6, UNIT_BOMBARD, 1.0, 2410.0
207, Barb Combat, 63, UNIT_RANGER, 5, UNIT_CROSSBOWMAN, 0.5, 2410.5
208, Combat, 2, UNIT_BOMBER, 6, UNIT_AT_CREW, 1.0, 2411.5
208, Combat, 2, UNIT_BOMBER, 6, UNIT_AT_CREW, 1.0, 2412.5
208, Denounce Player, 4, , 1, , 1.0, 2413.5
208, Combat, 14, District, 6, UNIT_FIELD_CANNON, 1.0, 2414.5
208, Barb Combat, 63, UNIT_RANGER, 5, UNIT_CROSSBOWMAN, 0.5, 2415.0
209, Combat, 2, UNIT_BOMBER, 6, UNIT_AT_CREW, 1.0, 2416.0
209, Combat, 2, UNIT_BOMBER, 6, UNIT_AT_CREW, 1.0, 2417.0
209, Death, 2, UNIT_BOMBER, 6, UNIT_AT_CREW, 1.0, 2418.0
209, Combat, 14, District, 6, UNIT_FIELD_CANNON, 1.0, 2419.0
209, Barb Combat, 63, UNIT_RANGER, 5, UNIT_CROSSBOWMAN, 0.5, 2419.5
209, Barb Death, 63, UNIT_RANGER, 5, UNIT_CROSSBOWMAN, 0.5, 2420.0
210, Combat, 2, UNIT_BOMBER, 6, UNIT_FIELD_CANNON, 1.0, 2421.0
210, Combat, 2, UNIT_BOMBER, 6, UNIT_FIELD_CANNON, 1.0, 2422.0
210, Combat, 2, UNIT_BOMBER, 6, UNIT_FIELD_CANNON, 1.0, 2423.0
210, Death, 2, UNIT_BOMBER, 6, UNIT_FIELD_CANNON, 1.0, 2424.0
210, Barb Combat, 6, District, 63, UNIT_MECHANIZED_INFANTRY, 0.5, 2424.5
210, Combat, 14, District, 6, UNIT_AT_CREW, 1.0, 2425.5
210, Combat, 14, UNIT_MUSKETMAN, 6, UNIT_AT_CREW, 1.0, 2426.5
210, Barb Combat, 63, UNIT_RANGER, 5, UNIT_SCOUT, 0.5, 2427.0
210, Barb Death, 63, UNIT_RANGER, 5, UNIT_SCOUT, 0.5, 2427.5
211, Combat, 2, UNIT_BOMBER, 6, UNIT_MECHANIZED_INFANTRY, 1.0, 2428.5
211, Combat, 2, UNIT_BOMBER, 6, UNIT_MECHANIZED_INFANTRY, 1.0, 2429.5
211, Combat, 2, UNIT_BOMBER, 6, UNIT_FIELD_CANNON, 1.0, 2430.5
211, Combat, 2, UNIT_BOMBER, 6, UNIT_FIELD_CANNON, 1.0, 2431.5
211, Denounce Player, 4, , 6, , 1.0, 2432.5
211, Combat, 5, UNIT_APOSTLE, 2, UNIT_APOSTLE, 1.0, 2433.5
211, Combat, 6, UNIT_AT_CREW, 14, UNIT_MUSKETMAN, 1.0, 2434.5
211, Barb Combat, 6, District, 63, UNIT_MECHANIZED_INFANTRY, 0.5, 2435.0
211, Death, 6, DISTRICT_CITY_CENTER, 63, UNIT_MECHANIZED_INFANTRY, 1.0, 2436.0
211, Combat, 14, District, 6, UNIT_AT_CREW, 1.0, 2437.0
211, Barb Combat, 63, UNIT_RANGER, 6, UNIT_BRAZILIAN_MINAS_GERAES, 0.5, 2437.5
212, Denounce Player, 2, , 0, , 1.0, 2438.5
212, Combat, 2, District, 6, UNIT_BRAZILIAN_MINAS_GERAES, 1.0, 2439.5
212, Combat, 2, UNIT_BOMBER, 6, UNIT_BRAZILIAN_MINAS_GERAES, 1.0, 2440.5
212, Death, 2, UNIT_BOMBER, 6, UNIT_BRAZILIAN_MINAS_GERAES, 1.0, 2441.5
212, Barb Combat, 4, UNIT_MACHINE_GUN, 63, UNIT_MECHANIZED_INFANTRY, 0.5, 2442.0
212, Barb Combat, 4, UNIT_MECHANIZED_INFANTRY, 63, UNIT_RANGER, 0.5, 2442.5
212, Barb Death, 4, UNIT_MECHANIZED_INFANTRY, 63, UNIT_RANGER, 0.5, 2443.0
212, Combat, 14, District, 6, UNIT_AT_CREW, 1.0, 2444.0
212, Barb Combat, 63, UNIT_AT_CREW, 4, UNIT_MECHANIZED_INFANTRY, 0.5, 2444.5
212, Barb Death, 4, UNIT_MECHANIZED_INFANTRY, 63, UNIT_AT_CREW, 0.5, 2445.0
212, Barb Combat, 63, UNIT_MECHANIZED_INFANTRY, 4, UNIT_CAVALRY, 0.5, 2445.5
212, Barb Combat, 63, UNIT_MECHANIZED_INFANTRY, 4, UNIT_CAVALRY, 0.5, 2446.0
212, Barb Death, 63, UNIT_MECHANIZED_INFANTRY, 4, UNIT_CAVALRY, 0.5, 2446.5
212, Barb Combat, 63, UNIT_MECHANIZED_INFANTRY, 4, UNIT_MACHINE_GUN, 0.5, 2447.0
213, Barb Combat, 4, UNIT_MECHANIZED_INFANTRY, 63, UNIT_MECHANIZED_INFANTRY, 0.5, 2447.5
213, Barb Death, 4, UNIT_MECHANIZED_INFANTRY, 63, UNIT_MECHANIZED_INFANTRY, 0.5, 2448.0
213, Combat, 5, UNIT_APOSTLE, 7, UNIT_MISSIONARY, 1.0, 2449.0
213, Combat, 14, District, 6, UNIT_AT_CREW, 1.0, 2450.0
213, Barb Combat, 63, UNIT_MECHANIZED_INFANTRY, 5, UNIT_AT_CREW, 0.5, 2450.5
214, Combat, 2, UNIT_BOMBER, 6, UNIT_MECHANIZED_INFANTRY, 1.0, 2451.5
214, Combat, 2, UNIT_BOMBER, 6, UNIT_MECHANIZED_INFANTRY, 1.0, 2452.5
214, Combat, 2, UNIT_BOMBER, 6, UNIT_MECHANIZED_INFANTRY, 1.0, 2453.5
214, Combat, 2, UNIT_BOMBER, 6, UNIT_FIELD_CANNON, 1.0, 2454.5
214, Combat, 2, UNIT_BOMBER, 6, UNIT_MECHANIZED_INFANTRY, 1.0, 2455.5
214, Death, 2, UNIT_BOMBER, 6, UNIT_MECHANIZED_INFANTRY, 1.0, 2456.5
214, Combat, 2, UNIT_BOMBER, 6, District, 1.0, 2457.5
214, Barb Combat, 4, UNIT_MECHANIZED_INFANTRY, 63, UNIT_MECHANIZED_INFANTRY, 0.5, 2458.0
214, Combat, 5, UNIT_APOSTLE, 2, UNIT_APOSTLE, 1.0, 2459.0
214, Barb Combat, 6, District, 63, UNIT_MECHANIZED_INFANTRY, 0.5, 2459.5
214, Barb Combat, 6, District, 63, UNIT_MECHANIZED_INFANTRY, 0.5, 2460.0
214, Denounce Player, 7, , 2, , 1.0, 2461.0
214, Barb Combat, 63, UNIT_FIELD_CANNON, 5, UNIT_AT_CREW, 0.5, 2461.5
215, Barb Combat, 2, UNIT_AT_CREW, 63, UNIT_MECHANIZED_INFANTRY, 0.5, 2462.0
215, Barb Combat, 2, UNIT_AT_CREW, 63, UNIT_MECHANIZED_INFANTRY, 0.5, 2462.5
215, Barb Combat, 2, District, 63, UNIT_MECHANIZED_INFANTRY, 0.5, 2463.0
215, Barb Combat, 2, District, 63, UNIT_BOMBARD, 0.5, 2463.5
215, Death, 2, DISTRICT_CITY_CENTER, 63, UNIT_BOMBARD, 1.0, 2464.5
215, Combat, 2, UNIT_BOMBER, 6, UNIT_MUSKETMAN, 1.0, 2465.5
215, Combat, 2, UNIT_BOMBER, 6, UNIT_MUSKETMAN, 1.0, 2466.5
215, Death, 2, UNIT_BOMBER, 6, UNIT_MUSKETMAN, 1.0, 2467.5
215, Barb Combat, 2, UNIT_BOMBER, 63, UNIT_MECHANIZED_INFANTRY, 0.5, 2468.0
215, Barb Combat, 2, UNIT_BOMBER, 63, UNIT_MECHANIZED_INFANTRY, 0.5, 2468.5
215, Barb Combat, 2, UNIT_BOMBER, 63, UNIT_MECHANIZED_INFANTRY, 0.5, 2469.0
215, Barb Combat, 2, UNIT_BOMBER, 63, UNIT_MECHANIZED_INFANTRY, 0.5, 2469.5
215, Barb Death, 2, UNIT_BOMBER, 63, UNIT_MECHANIZED_INFANTRY, 0.5, 2470.0
215, Barb Combat, 4, UNIT_MACHINE_GUN, 63, UNIT_MECHANIZED_INFANTRY, 0.5, 2470.5
215, Barb Death, 4, UNIT_MACHINE_GUN, 63, UNIT_MECHANIZED_INFANTRY, 0.5, 2471.0
215, Barb Combat, 4, UNIT_MECHANIZED_INFANTRY, 63, UNIT_FIELD_CANNON, 0.5, 2471.5
215, Barb Death, 4, UNIT_MECHANIZED_INFANTRY, 63, UNIT_FIELD_CANNON, 0.5, 2472.0
215, Combat, 5, UNIT_APOSTLE, 2, UNIT_MISSIONARY, 1.0, 2473.0
215, Barb Combat, 6, District, 63, UNIT_MECHANIZED_INFANTRY, 0.5, 2473.5
215, Death, 6, DISTRICT_CITY_CENTER, 63, UNIT_MECHANIZED_INFANTRY, 1.0, 2474.5
215, Barb Combat, 63, UNIT_MECHANIZED_INFANTRY, 4, UNIT_MECHANIZED_INFANTRY, 0.5, 2475.0
215, Barb Death, 4, UNIT_MECHANIZED_INFANTRY, 63, UNIT_MECHANIZED_INFANTRY, 0.5, 2475.5
216, Barb Combat, 1, UNIT_JET_BOMBER, 63, UNIT_MECHANIZED_INFANTRY, 0.5, 2476.0
216, Barb Combat, 1, UNIT_JET_BOMBER, 63, UNIT_MECHANIZED_INFANTRY, 0.5, 2476.5
216, Barb Combat, 1, UNIT_JET_BOMBER, 63, UNIT_MECHANIZED_INFANTRY, 0.5, 2477.0
216, Barb Death, 1, UNIT_JET_BOMBER, 63, UNIT_MECHANIZED_INFANTRY, 0.5, 2477.5
216, Barb Combat, 2, UNIT_AT_CREW, 63, UNIT_MECHANIZED_INFANTRY, 0.5, 2478.0
216, Barb Death, 2, UNIT_AT_CREW, 63, UNIT_MECHANIZED_INFANTRY, 0.5, 2478.5
216, Combat, 5, UNIT_APOSTLE, 2, UNIT_MISSIONARY, 1.0, 2479.5
216, Combat, 5, UNIT_APOSTLE, 7, UNIT_MISSIONARY, 1.0, 2480.5
216, Combat, 6, District, 2, UNIT_AT_CREW, 1.0, 2481.5
216, Death, 6, DISTRICT_ENCAMPMENT, 2, UNIT_AT_CREW, 1.0, 2482.5
216, Combat, 14, District, 6, UNIT_AT_CREW, 1.0, 2483.5
216, Barb Combat, 63, UNIT_RANGER, 5, UNIT_MECHANIZED_INFANTRY, 0.5, 2484.0
217, Combat, 2, UNIT_AT_CREW, 6, UNIT_FIELD_CANNON, 1.0, 2485.0
217, Death, 6, UNIT_FIELD_CANNON, 2, UNIT_AT_CREW, 1.0, 2486.0
217, Combat, 2, UNIT_MECHANIZED_INFANTRY, 6, UNIT_FIELD_CANNON, 1.0, 2487.0
217, Combat, 2, UNIT_MECHANIZED_INFANTRY, 6, UNIT_FIELD_CANNON, 1.0, 2488.0
217, Death, 2, UNIT_MECHANIZED_INFANTRY, 6, UNIT_FIELD_CANNON, 1.0, 2489.0
217, Improvement Pillaged, -1, , 6, IMPROVEMENT_PASTURE, 1.0, 2490.0
217, Combat, 2, UNIT_BOMBER, 6, District, 1.0, 2491.0
217, Barb Combat, 5, UNIT_MECHANIZED_INFANTRY, 63, UNIT_RANGER, 0.5, 2491.5
217, Barb Death, 5, UNIT_MECHANIZED_INFANTRY, 63, UNIT_RANGER, 0.5, 2492.0
217, Combat, 6, UNIT_MECHANIZED_INFANTRY, 2, UNIT_MECHANIZED_INFANTRY, 1.0, 2493.0
217, Combat, 6, District, 2, UNIT_MECHANIZED_INFANTRY, 1.0, 2494.0
217, Death, 6, DISTRICT_ENCAMPMENT, 2, UNIT_MECHANIZED_INFANTRY, 1.0, 2495.0
218, Combat, 2, District, 6, UNIT_MECHANIZED_INFANTRY, 1.0, 2496.0
218, Combat, 2, UNIT_BOMBER, 6, UNIT_MECHANIZED_INFANTRY, 1.0, 2497.0
218, Combat, 2, UNIT_BOMBER, 6, UNIT_MECHANIZED_INFANTRY, 1.0, 2498.0
218, Combat, 2, UNIT_BOMBER, 6, UNIT_MECHANIZED_INFANTRY, 1.0, 2499.0
218, Death, 2, UNIT_BOMBER, 6, UNIT_MECHANIZED_INFANTRY, 1.0, 2500.0
218, Barb Combat, 5, UNIT_MECHANIZED_INFANTRY, 63, UNIT_AT_CREW, 0.5, 2500.5
218, Barb Death, 5, UNIT_MECHANIZED_INFANTRY, 63, UNIT_AT_CREW, 0.5, 2501.0
218, Combat, 6, UNIT_AT_CREW, 14, UNIT_MUSKETMAN, 1.0, 2502.0
218, Combat, 6, District, 2, UNIT_MECHANIZED_INFANTRY, 1.0, 2503.0
219, Combat, 6, District, 2, UNIT_MECHANIZED_INFANTRY, 1.0, 2504.0
219, Death, 6, DISTRICT_ENCAMPMENT, 2, UNIT_MECHANIZED_INFANTRY, 1.0, 2505.0
219, Combat, 14, District, 6, UNIT_AT_CREW, 1.0, 2506.0
220, Combat, 5, UNIT_APOSTLE, 7, UNIT_APOSTLE, 1.0, 2507.0
220, Combat, 6, UNIT_AT_CREW, 14, UNIT_MUSKETMAN, 1.0, 2508.0
220, Combat, 7, UNIT_APOSTLE, 5, UNIT_APOSTLE, 1.0, 2509.0
220, Death, 5, UNIT_APOSTLE, 7, UNIT_APOSTLE, 1.0, 2510.0
220, Combat, 14, District, 6, UNIT_AT_CREW, 1.0, 2511.0
220, Barb Combat, 63, UNIT_RANGER, 10, UNIT_CROSSBOWMAN, 0.5, 2511.5
221, Combat, 5, UNIT_APOSTLE, 7, UNIT_GURU, 1.0, 2512.5
221, Combat, 6, UNIT_AT_CREW, 14, UNIT_MUSKETMAN, 1.0, 2513.5
221, Death, 6, UNIT_AT_CREW, 14, UNIT_MUSKETMAN, 1.0, 2514.5
221, Combat, 6, District, 2, UNIT_MECHANIZED_INFANTRY, 1.0, 2515.5
221, Barb Combat, 10, UNIT_MUSKETMAN, 63, UNIT_RANGER, 0.5, 2516.0
221, Combat, 14, District, 6, UNIT_AT_CREW, 1.0, 2517.0
221, Barb Combat, 63, UNIT_RANGER, 10, UNIT_MUSKETMAN, 0.5, 2517.5
222, Denounce Player, 1, , 2, , 1.0, 2518.5
222, Denounce Player, 5, , 4, , 1.0, 2519.5
222, Combat, 6, UNIT_MECHANIZED_INFANTRY, 2, UNIT_MECHANIZED_INFANTRY, 1.0, 2520.5
222, Combat, 6, District, 2, UNIT_MECHANIZED_INFANTRY, 1.0, 2521.5
222, Barb Combat, 10, UNIT_MUSKETMAN, 63, UNIT_RANGER, 0.5, 2522.0
222, Barb Combat, 63, UNIT_RANGER, 10, UNIT_MUSKETMAN, 0.5, 2522.5
222, Barb Death, 63, UNIT_RANGER, 10, UNIT_MUSKETMAN, 0.5, 2523.0
223, Combat, 2, UNIT_BOMBER, 6, UNIT_MECHANIZED_INFANTRY, 1.0, 2524.0
223, Combat, 2, UNIT_BOMBER, 6, UNIT_MECHANIZED_INFANTRY, 1.0, 2525.0
223, Combat, 2, UNIT_BOMBER, 6, UNIT_MECHANIZED_INFANTRY, 1.0, 2526.0
223, Death, 2, UNIT_BOMBER, 6, UNIT_MECHANIZED_INFANTRY, 1.0, 2527.0
223, Building Pillaged, -1, , 6, BUILDING_PAGODA, 2.0, 2529.0
223, Combat, 2, UNIT_BOMBER, 6, District, 1.0, 2530.0
223, Building Pillaged, -1, , 6, BUILDING_TEMPLE, 2.0, 2532.0
223, Combat, 2, UNIT_BOMBER, 6, District, 1.0, 2533.0
223, Building Pillaged, -1, , 6, BUILDING_SHRINE, 2.0, 2535.0
223, Combat, 2, UNIT_BOMBER, 6, District, 1.0, 2536.0
223, Barb Combat, 5, UNIT_TANK, 63, UNIT_RANGER, 0.5, 2536.5
223, Barb Death, 5, UNIT_TANK, 63, UNIT_RANGER, 0.5, 2537.0
223, Combat, 6, District, 2, UNIT_MECHANIZED_INFANTRY, 1.0, 2538.0
223, Combat, 6, District, 2, UNIT_MECHANIZED_INFANTRY, 1.0, 2539.0
223, Death, 6, DISTRICT_ENCAMPMENT, 2, UNIT_MECHANIZED_INFANTRY, 1.0, 2540.0
223, Combat, 14, District, 6, UNIT_ARTILLERY, 1.0, 2541.0
224, Combat, 2, District, 6, UNIT_MECHANIZED_INFANTRY, 1.0, 2542.0
224, Combat, 2, UNIT_BOMBER, 6, UNIT_MECHANIZED_INFANTRY, 1.0, 2543.0
224, Combat, 2, UNIT_BOMBER, 6, UNIT_MECHANIZED_INFANTRY, 1.0, 2544.0
224, Combat, 2, UNIT_BOMBER, 6, UNIT_MECHANIZED_INFANTRY, 1.0, 2545.0
224, Combat, 2, UNIT_BOMBER, 6, UNIT_MECHANIZED_INFANTRY, 1.0, 2546.0
224, Combat, 2, UNIT_BOMBER, 6, UNIT_MECHANIZED_INFANTRY, 1.0, 2547.0
224, Death, 2, UNIT_BOMBER, 6, UNIT_MECHANIZED_INFANTRY, 1.0, 2548.0
224, Barb Combat, 5, UNIT_TANK, 63, UNIT_AT_CREW, 0.5, 2548.5
224, Combat, 6, UNIT_MECHANIZED_INFANTRY, 2, UNIT_MECHANIZED_INFANTRY, 1.0, 2549.5
224, Combat, 6, District, 2, UNIT_MECHANIZED_INFANTRY, 1.0, 2550.5
224, Combat, 6, District, 2, UNIT_MECHANIZED_INFANTRY, 1.0, 2551.5
224, Death, 6, DISTRICT_ENCAMPMENT, 2, UNIT_MECHANIZED_INFANTRY, 1.0, 2552.5
224, Combat, 14, District, 6, UNIT_ARTILLERY, 1.0, 2553.5
225, Combat, 2, UNIT_BOMBER, 6, UNIT_MECHANIZED_INFANTRY, 1.0, 2554.5
225, Combat, 2, UNIT_BOMBER, 6, UNIT_MECHANIZED_INFANTRY, 1.0, 2555.5
225, Combat, 2, UNIT_BOMBER, 6, UNIT_MECHANIZED_INFANTRY, 1.0, 2556.5
225, Death, 2, UNIT_BOMBER, 6, UNIT_MECHANIZED_INFANTRY, 1.0, 2557.5
225, Barb Combat, 5, UNIT_TANK, 63, UNIT_AT_CREW, 0.5, 2558.0
225, Barb Death, 5, UNIT_TANK, 63, UNIT_AT_CREW, 0.5, 2558.5
225, Combat, 5, UNIT_APOSTLE, 7, UNIT_GURU, 1.0, 2559.5
225, Combat, 6, UNIT_MECHANIZED_INFANTRY, 2, District, 1.0, 2560.5
225, Combat, 14, District, 6, UNIT_ARTILLERY, 1.0, 2561.5
225, Combat, 14, District, 6, UNIT_ARTILLERY, 1.0, 2562.5
226, Combat, 2, District, 6, UNIT_MECHANIZED_INFANTRY, 1.0, 2563.5
226, Combat, 2, UNIT_BOMBER, 6, UNIT_MECHANIZED_INFANTRY, 1.0, 2564.5
226, Combat, 2, UNIT_BOMBER, 6, UNIT_MECHANIZED_INFANTRY, 1.0, 2565.5
226, Death, 2, UNIT_BOMBER, 6, UNIT_MECHANIZED_INFANTRY, 1.0, 2566.5
226, Combat, 5, UNIT_APOSTLE, 7, UNIT_GURU, 1.0, 2567.5
226, Combat, 5, UNIT_APOSTLE, 7, UNIT_GURU, 1.0, 2568.5
226, Death, 5, UNIT_APOSTLE, 7, UNIT_GURU, 1.0, 2569.5
226, Denounce Player, 7, , 5, , 1.0, 2570.5
226, Combat, 14, District, 6, UNIT_ARTILLERY, 1.0, 2571.5
226, Death, 14, DISTRICT_CITY_CENTER, 6, UNIT_ARTILLERY, 1.0, 2572.5
226, Combat, 14, District, 6, UNIT_ARTILLERY, 1.0, 2573.5
227, Combat, 5, UNIT_APOSTLE, 7, UNIT_GURU, 1.0, 2574.5
227, Combat, 14, District, 6, UNIT_ARTILLERY, 1.0, 2575.5
227, Combat, 14, District, 6, UNIT_ARTILLERY, 1.0, 2576.5
228, Denounce Player, 5, , 2, , 1.0, 2577.5
228, Combat, 5, UNIT_APOSTLE, 7, UNIT_GURU, 1.0, 2578.5
228, Death, 7, UNIT_GURU, 5, UNIT_APOSTLE, 1.0, 2579.5
228, Combat, 14, District, 6, UNIT_ARTILLERY, 1.0, 2580.5
229, Combat, 2, UNIT_BOMBER, 6, District, 1.0, 2581.5
229, Combat, 2, UNIT_BOMBER, 6, District, 1.0, 2582.5
229, Combat, 2, UNIT_BOMBER, 6, District, 1.0, 2583.5
229, Combat, 2, UNIT_BOMBER, 6, District, 1.0, 2584.5
229, Combat, 2, UNIT_BOMBER, 6, District, 1.0, 2585.5
229, Combat, 2, UNIT_BOMBER, 6, District, 1.0, 2586.5
229, Combat, 2, UNIT_BOMBER, 6, District, 1.0, 2587.5
229, Combat, 2, UNIT_BOMBER, 6, District, 1.0, 2588.5
229, Combat, 2, UNIT_BOMBER, 6, District, 1.0, 2589.5
231, Denounce Player, 1, , 6, , 1.0, 2590.5
231, Combat, 2, UNIT_APOSTLE, 5, UNIT_APOSTLE, 1.0, 2591.5
231, Death, 5, UNIT_APOSTLE, 2, UNIT_APOSTLE, 1.0, 2592.5
231, Combat, 5, UNIT_APOSTLE, 6, UNIT_MISSIONARY, 1.0, 2593.5
233, Denounce Player, 5, , 6, , 1.0, 2594.5
233, Combat, 6, UNIT_APOSTLE, 5, UNIT_MISSIONARY, 1.0, 2595.5
235, Combat, 7, UNIT_APOSTLE, 6, UNIT_APOSTLE, 1.0, 2596.5
236, Combat, 6, UNIT_APOSTLE, 7, UNIT_APOSTLE, 1.0, 2597.5
236, Combat, 7, UNIT_APOSTLE, 6, UNIT_MISSIONARY, 1.0, 2598.5
236, Death, 6, UNIT_MISSIONARY, 7, UNIT_APOSTLE, 1.0, 2599.5
236, Barb Combat, 63, UNIT_RANGER, 4, UNIT_MECHANIZED_INFANTRY, 0.5, 2600.0
238, Barb Combat, 5, UNIT_TANK, 63, UNIT_RANGER, 0.5, 2600.5
238, Barb Death, 5, UNIT_TANK, 63, UNIT_RANGER, 0.5, 2601.0
239, Denounce Player, 4, , 1, , 1.0, 2602.0
239, Barb Combat, 5, UNIT_TANK, 63, UNIT_AT_CREW, 0.5, 2602.5
239, Barb Combat, 5, UNIT_CAVALRY, 63, UNIT_AT_CREW, 0.5, 2603.0
239, Denounce Player, 6, , 2, , 1.0, 2604.0
240, Barb Combat, 5, UNIT_TANK, 63, UNIT_AT_CREW, 0.5, 2604.5
240, Combat, 5, UNIT_APOSTLE, 6, UNIT_APOSTLE, 1.0, 2605.5
240, Combat, 6, UNIT_APOSTLE, 5, UNIT_APOSTLE, 1.0, 2606.5
240, Death, 5, UNIT_APOSTLE, 6, UNIT_APOSTLE, 1.0, 2607.5
241, Barb Combat, 5, UNIT_TANK, 63, UNIT_AT_CREW, 0.5, 2608.0
241, Barb Death, 5, UNIT_TANK, 63, UNIT_AT_CREW, 0.5, 2608.5
242, Denounce Player, 4, , 6, , 1.0, 2609.5
242, Combat, 7, UNIT_APOSTLE, 6, UNIT_MISSIONARY, 1.0, 2610.5
242, Combat, 7, UNIT_APOSTLE, 6, UNIT_MISSIONARY, 1.0, 2611.5
243, Denounce Player, 2, , 0, , 1.0, 2612.5
243, Combat, 7, UNIT_APOSTLE, 5, UNIT_APOSTLE, 1.0, 2613.5
244, Combat, 5, UNIT_APOSTLE, 7, UNIT_MISSIONARY, 1.0, 2614.5
244, Combat, 7, UNIT_APOSTLE, 5, UNIT_APOSTLE, 1.0, 2615.5
245, Combat, 5, UNIT_APOSTLE, 7, UNIT_APOSTLE, 1.0, 2616.5
245, Death, 5, UNIT_APOSTLE, 7, UNIT_APOSTLE, 1.0, 2617.5
245, Combat, 5, UNIT_APOSTLE, 6, UNIT_MISSIONARY, 1.0, 2618.5
245, Death, 6, UNIT_MISSIONARY, 5, UNIT_APOSTLE, 1.0, 2619.5
245, Combat, 7, UNIT_APOSTLE, 2, UNIT_MISSIONARY, 1.0, 2620.5
246, Combat, 5, UNIT_APOSTLE, 6, UNIT_MISSIONARY, 1.0, 2621.5
246, Death, 5, UNIT_APOSTLE, 6, UNIT_MISSIONARY, 1.0, 2622.5
246, Combat, 7, UNIT_APOSTLE, 6, UNIT_MISSIONARY, 1.0, 2623.5
247, Combat, 5, UNIT_APOSTLE, 6, UNIT_MISSIONARY, 1.0, 2624.5
247, Death, 5, UNIT_APOSTLE, 6, UNIT_MISSIONARY, 1.0, 2625.5
247, Combat, 7, UNIT_APOSTLE, 5, UNIT_APOSTLE, 1.0, 2626.5
248, Combat, 5, UNIT_APOSTLE, 7, UNIT_APOSTLE, 1.0, 2627.5
248, Death, 5, UNIT_APOSTLE, 7, UNIT_APOSTLE, 1.0, 2628.5
248, Combat, 7, UNIT_APOSTLE, 5, UNIT_APOSTLE, 1.0, 2629.5
249, Combat, 5, UNIT_APOSTLE, 7, UNIT_APOSTLE, 1.0, 2630.5
249, Death, 7, UNIT_APOSTLE, 5, UNIT_APOSTLE, 1.0, 2631.5
251, Combat, 0, UNIT_APOSTLE, 7, UNIT_GURU, 1.0, 2632.5
251, Combat, 5, UNIT_APOSTLE, 6, UNIT_MISSIONARY, 1.0, 2633.5
251, Death, 5, UNIT_APOSTLE, 6, UNIT_MISSIONARY, 1.0, 2634.5
253, Denounce Player, 1, , 2, , 1.0, 2635.5
255, Denounce Player, 7, , 2, , 1.0, 2636.5
256, Denounce Player, 4, , 5, , 1.0, 2637.5
257, Denounce Player, 7, , 5, , 1.0, 2638.5
258, Combat, 7, UNIT_APOSTLE, 2, UNIT_MISSIONARY, 1.0, 2639.5
259, Denounce Player, 5, , 2, , 1.0, 2640.5
260, Combat, 6, UNIT_APOSTLE, 5, UNIT_APOSTLE, 1.0, 2641.5
260, Combat, 7, UNIT_APOSTLE, 2, UNIT_MISSIONARY, 1.0, 2642.5
260, Death, 7, UNIT_APOSTLE, 2, UNIT_MISSIONARY, 1.0, 2643.5
261, Combat, 7, UNIT_APOSTLE, 0, UNIT_APOSTLE, 1.0, 2644.5
262, Declare war, 4, , 6, , 2.0, 2646.5
262, Declare war, 10, , 6, , 2.0, 2648.5
262, Declare war, 14, , 6, , 2.0, 2650.5
262, Declare war, 2, , 6, , 2.0, 2652.5
262, Declare war, 20, , 6, , 2.0, 2654.5
262, Declare war, 21, , 6, , 2.0, 2656.5
262, Combat, 4, District, 6, UNIT_MISSILE_CRUISER, 1.0, 2657.5
262, Combat, 4, UNIT_NUCLEAR_SUBMARINE, 6, UNIT_MISSILE_CRUISER, 1.0, 2658.5
262, Combat, 4, UNIT_NUCLEAR_SUBMARINE, 6, UNIT_MISSILE_CRUISER, 1.0, 2659.5
262, Death, 4, UNIT_NUCLEAR_SUBMARINE, 6, UNIT_MISSILE_CRUISER, 1.0, 2660.5
262, Combat, 4, UNIT_HELICOPTER, 6, UNIT_MECHANIZED_INFANTRY, 1.0, 2661.5
262, Building Pillaged, -1, , 6, BUILDING_STOCK_EXCHANGE, 2.0, 2663.5
262, Improvement Pillaged, -1, , 6, IMPROVEMENT_FARM, 1.0, 2664.5
262, Improvement Pillaged, -1, , 6, IMPROVEMENT_FARM, 1.0, 2665.5
262, Combat, 4, UNIT_JET_BOMBER, 6, UNIT_MACHINE_GUN, 1.0, 2666.5
262, Combat, 4, UNIT_JET_BOMBER, 6, UNIT_MACHINE_GUN, 1.0, 2667.5
262, Combat, 4, UNIT_JET_BOMBER, 6, UNIT_MACHINE_GUN, 1.0, 2668.5
262, Death, 4, UNIT_JET_BOMBER, 6, UNIT_MACHINE_GUN, 1.0, 2669.5
262, Improvement Pillaged, -1, , 6, IMPROVEMENT_FARM, 1.0, 2670.5
262, Combat, 4, UNIT_JET_BOMBER, 6, District, 1.0, 2671.5
262, Combat, 6, UNIT_MECHANIZED_INFANTRY, 4, UNIT_MODERN_ARMOR, 1.0, 2672.5
262, Combat, 6, UNIT_MECHANIZED_INFANTRY, 4, UNIT_MODERN_ARMOR, 1.0, 2673.5
262, Combat, 6, UNIT_MODERN_ARMOR, 4, UNIT_MODERN_ARMOR, 1.0, 2674.5
262, Death, 6, UNIT_MODERN_ARMOR, 4, UNIT_MODERN_ARMOR, 1.0, 2675.5
262, Combat, 6, District, 4, UNIT_ARTILLERY, 1.0, 2676.5
262, Combat, 6, District, 4, UNIT_MECHANIZED_INFANTRY, 1.0, 2677.5
262, Combat, 6, UNIT_JET_BOMBER, 2, UNIT_ARTILLERY, 1.0, 2678.5
262, Combat, 6, UNIT_JET_BOMBER, 2, UNIT_ARTILLERY, 1.0, 2679.5
262, Death, 6, UNIT_JET_BOMBER, 2, UNIT_ARTILLERY, 1.0, 2680.5
262, Improvement Pillaged, -1, , 2, IMPROVEMENT_MINE, 1.0, 2681.5
262, Combat, 6, UNIT_JET_BOMBER, 2, District, 1.0, 2682.5
262, Combat, 7, UNIT_APOSTLE, 5, UNIT_MISSIONARY, 1.0, 2683.5
263, Combat, 2, District, 6, UNIT_MECHANIZED_INFANTRY, 1.0, 2684.5
263, Combat, 2, District, 6, UNIT_MECHANIZED_INFANTRY, 1.0, 2685.5
263, Combat, 2, UNIT_JET_BOMBER, 6, UNIT_MECHANIZED_INFANTRY, 1.0, 2686.5
263, Death, 2, UNIT_JET_BOMBER, 6, UNIT_MECHANIZED_INFANTRY, 1.0, 2687.5
263, Denounce Player, 4, , 0, , 1.0, 2688.5
263, Combat, 4, UNIT_MECHANIZED_INFANTRY, 6, District, 1.0, 2689.5
263, Combat, 4, UNIT_MECHANIZED_INFANTRY, 6, District, 1.0, 2690.5
263, Combat, 4, UNIT_NUCLEAR_SUBMARINE, 6, UNIT_MISSILE_CRUISER, 1.0, 2691.5
263, Combat, 4, UNIT_NUCLEAR_SUBMARINE, 6, UNIT_MECHANIZED_INFANTRY, 1.0, 2692.5
263, Combat, 4, UNIT_NUCLEAR_SUBMARINE, 6, UNIT_MISSILE_CRUISER, 1.0, 2693.5
263, Death, 4, UNIT_NUCLEAR_SUBMARINE, 6, UNIT_MISSILE_CRUISER, 1.0, 2694.5
263, Combat, 4, UNIT_NUCLEAR_SUBMARINE, 6, UNIT_MECHANIZED_INFANTRY, 1.0, 2695.5
263, Combat, 4, UNIT_NUCLEAR_SUBMARINE, 6, UNIT_MECHANIZED_INFANTRY, 1.0, 2696.5
263, Death, 4, UNIT_NUCLEAR_SUBMARINE, 6, UNIT_MECHANIZED_INFANTRY, 1.0, 2697.5
263, Combat, 4, UNIT_NUCLEAR_SUBMARINE, 6, UNIT_MECHANIZED_INFANTRY, 1.0, 2698.5
263, Building Pillaged, -1, , 6, BUILDING_BANK, 2.0, 2700.5
263, Combat, 4, UNIT_JET_BOMBER, 6, UNIT_MECHANIZED_INFANTRY, 1.0, 2701.5
263, Combat, 4, UNIT_JET_BOMBER, 6, UNIT_MECHANIZED_INFANTRY, 1.0, 2702.5
263, Combat, 4, UNIT_JET_BOMBER, 6, UNIT_MECHANIZED_INFANTRY, 1.0, 2703.5
263, Combat, 6, UNIT_MECHANIZED_INFANTRY, 4, UNIT_MODERN_ARMOR, 1.0, 2704.5
263, Combat, 6, UNIT_MECHANIZED_INFANTRY, 4, UNIT_MODERN_ARMOR, 1.0, 2705.5
263, Combat, 6, UNIT_MECHANIZED_INFANTRY, 4, UNIT_MECHANIZED_INFANTRY, 1.0, 2706.5
263, Combat, 6, UNIT_MECHANIZED_INFANTRY, 2, UNIT_MECHANIZED_INFANTRY, 1.0, 2707.5
263, Combat, 6, UNIT_MECHANIZED_INFANTRY, 2, District, 1.0, 2708.5
263, Death, 2, DISTRICT_ENCAMPMENT, 6, UNIT_MECHANIZED_INFANTRY, 1.0, 2709.5
263, Combat, 6, District, 14, UNIT_MECHANIZED_INFANTRY, 1.0, 2710.5
263, Combat, 6, District, 4, UNIT_ARTILLERY, 1.0, 2711.5
263, Death, 6, DISTRICT_CITY_CENTER, 4, UNIT_ARTILLERY, 1.0, 2712.5
263, Combat, 6, District, 4, UNIT_HELICOPTER, 1.0, 2713.5
263, Death, 6, DISTRICT_ENCAMPMENT, 4, UNIT_HELICOPTER, 1.0, 2714.5
263, Combat, 6, District, 4, UNIT_MODERN_ARMOR, 1.0, 2715.5
263, Combat, 6, District, 4, UNIT_NUCLEAR_SUBMARINE, 1.0, 2716.5
263, Combat, 14, District, 6, UNIT_MODERN_AT, 1.0, 2717.5
263, Combat, 14, District, 6, UNIT_MODERN_AT, 1.0, 2718.5
264, Declare war, 1, , 4, , 2.0, 2720.5
264, Declare war, 10, , 1, , 2.0, 2722.5
264, Declare war, 14, , 1, , 2.0, 2724.5
264, Declare war, 5, , 4, , 2.0, 2726.5
264, Declare war, 7, , 5, , 2.0, 2728.5
264, Declare war, 10, , 5, , 2.0, 2730.5
264, Declare war, 14, , 5, , 2.0, 2732.5
264, Combat, 1, UNIT_MODERN_AT, 4, District, 1.0, 2733.5
264, Death, 4, DISTRICT_ENCAMPMENT, 1, UNIT_MODERN_AT, 1.0, 2734.5
264, Combat, 1, District, 4, UNIT_MECHANIZED_INFANTRY, 1.0, 2735.5
264, Combat, 1, UNIT_JET_BOMBER, 4, UNIT_MECHANIZED_INFANTRY, 1.0, 2736.5
264, Combat, 1, UNIT_JET_BOMBER, 4, UNIT_MECHANIZED_INFANTRY, 1.0, 2737.5
264, Combat, 1, UNIT_JET_BOMBER, 4, UNIT_MECHANIZED_INFANTRY, 1.0, 2738.5
264, Combat, 1, UNIT_JET_BOMBER, 4, UNIT_MECHANIZED_INFANTRY, 1.0, 2739.5
264, Combat, 1, UNIT_JET_BOMBER, 4, UNIT_MECHANIZED_INFANTRY, 1.0, 2740.5
264, Combat, 1, UNIT_JET_BOMBER, 4, UNIT_MECHANIZED_INFANTRY, 1.0, 2741.5
264, Death, 1, UNIT_JET_BOMBER, 4, UNIT_MECHANIZED_INFANTRY, 1.0, 2742.5
264, Improvement Pillaged, -1, , 4, IMPROVEMENT_MINE, 1.0, 2743.5
264, Combat, 1, UNIT_JET_BOMBER, 4, District, 1.0, 2744.5
264, Combat, 1, UNIT_JET_BOMBER, 4, UNIT_MECHANIZED_INFANTRY, 1.0, 2745.5
264, Combat, 1, UNIT_JET_BOMBER, 4, UNIT_MECHANIZED_INFANTRY, 1.0, 2746.5
264, Combat, 1, UNIT_JET_BOMBER, 4, UNIT_MECHANIZED_INFANTRY, 1.0, 2747.5
264, Combat, 1, UNIT_JET_BOMBER, 4, UNIT_MECHANIZED_INFANTRY, 1.0, 2748.5
264, Death, 1, UNIT_JET_BOMBER, 4, UNIT_MECHANIZED_INFANTRY, 1.0, 2749.5
264, Combat, 2, UNIT_MECHANIZED_INFANTRY, 6, UNIT_MECHANIZED_INFANTRY, 1.0, 2750.5
264, Combat, 2, UNIT_MECHANIZED_INFANTRY, 6, UNIT_MECHANIZED_INFANTRY, 1.0, 2751.5
264, Combat, 2, District, 6, UNIT_MECHANIZED_INFANTRY, 1.0, 2752.5
264, Combat, 2, District, 6, UNIT_MECHANIZED_INFANTRY, 1.0, 2753.5
264, Death, 2, DISTRICT_CITY_CENTER, 6, UNIT_MECHANIZED_INFANTRY, 1.0, 2754.5
264, Combat, 2, District, 6, UNIT_MECHANIZED_INFANTRY, 1.0, 2755.5
264, Combat, 2, UNIT_JET_BOMBER, 6, UNIT_MECHANIZED_INFANTRY, 1.0, 2756.5
264, Combat, 2, UNIT_JET_BOMBER, 6, UNIT_MECHANIZED_INFANTRY, 1.0, 2757.5
264, Combat, 2, UNIT_JET_BOMBER, 6, UNIT_MECHANIZED_INFANTRY, 1.0, 2758.5
264, Combat, 2, UNIT_JET_BOMBER, 6, UNIT_MECHANIZED_INFANTRY, 1.0, 2759.5
264, Combat, 4, UNIT_MECHANIZED_INFANTRY, 6, District, 1.0, 2760.5
264, Combat, 4, UNIT_MECHANIZED_INFANTRY, 6, UNIT_MECHANIZED_INFANTRY, 1.0, 2761.5
264, Combat, 4, UNIT_MECHANIZED_INFANTRY, 1, UNIT_MODERN_ARMOR, 1.0, 2762.5
264, Combat, 4, UNIT_MECHANIZED_INFANTRY, 1, UNIT_MODERN_ARMOR, 1.0, 2763.5
264, Combat, 4, UNIT_MECHANIZED_INFANTRY, 1, UNIT_MODERN_ARMOR, 1.0, 2764.5
264, Combat, 4, District, 1, UNIT_MODERN_ARMOR, 1.0, 2765.5
264, Combat, 4, District, 1, UNIT_MODERN_ARMOR, 1.0, 2766.5
264, Death, 4, DISTRICT_ENCAMPMENT, 1, UNIT_MODERN_ARMOR, 1.0, 2767.5
264, Combat, 4, District, 1, UNIT_MODERN_ARMOR, 1.0, 2768.5
264, Combat, 4, District, 6, UNIT_MECHANIZED_INFANTRY, 1.0, 2769.5
264, Combat, 4, UNIT_NUCLEAR_SUBMARINE, 5, UNIT_NUCLEAR_SUBMARINE, 1.0, 2770.5
264, Combat, 4, UNIT_NUCLEAR_SUBMARINE, 6, UNIT_MECHANIZED_INFANTRY, 1.0, 2771.5
264, Combat, 4, UNIT_NUCLEAR_SUBMARINE, 6, UNIT_MECHANIZED_INFANTRY, 1.0, 2772.5
264, Combat, 4, UNIT_NUCLEAR_SUBMARINE, 6, UNIT_MECHANIZED_INFANTRY, 1.0, 2773.5
264, Death, 4, UNIT_NUCLEAR_SUBMARINE, 6, UNIT_MECHANIZED_INFANTRY, 1.0, 2774.5
264, Combat, 4, UNIT_MODERN_ARMOR, 6, UNIT_MECHANIZED_INFANTRY, 1.0, 2775.5
264, Combat, 4, UNIT_MECHANIZED_INFANTRY, 6, UNIT_MECHANIZED_INFANTRY, 1.0, 2776.5
264, Building Pillaged, -1, , 6, BUILDING_MARKET, 2.0, 2778.5
264, Combat, 5, UNIT_NUCLEAR_SUBMARINE, 10, UNIT_MECHANIZED_INFANTRY, 1.0, 2779.5
264, Death, 5, UNIT_NUCLEAR_SUBMARINE, 10, UNIT_MECHANIZED_INFANTRY, 1.0, 2780.5
264, Combat, 5, UNIT_NUCLEAR_SUBMARINE, 4, UNIT_NUCLEAR_SUBMARINE, 1.0, 2781.5
264, Combat, 5, UNIT_NUCLEAR_SUBMARINE, 4, UNIT_NUCLEAR_SUBMARINE, 1.0, 2782.5
264, Combat, 5, UNIT_MISSILE_CRUISER, 7, UNIT_MECHANIZED_INFANTRY, 1.0, 2783.5
264, Death, 5, UNIT_MISSILE_CRUISER, 7, UNIT_MECHANIZED_INFANTRY, 1.0, 2784.5
264, Improvement Pillaged, -1, , 4, IMPROVEMENT_BEACH_RESORT, 1.0, 2785.5
264, Combat, 5, UNIT_JET_BOMBER, 7, UNIT_ARTILLERY, 1.0, 2786.5
264, Combat, 5, UNIT_JET_BOMBER, 7, UNIT_ARTILLERY, 1.0, 2787.5
264, Combat, 5, UNIT_JET_BOMBER, 4, UNIT_NUCLEAR_SUBMARINE, 1.0, 2788.5
264, Combat, 5, UNIT_JET_BOMBER, 7, UNIT_ARTILLERY, 1.0, 2789.5
264, Death, 5, UNIT_JET_BOMBER, 7, UNIT_ARTILLERY, 1.0, 2790.5
264, Improvement Pillaged, -1, , 7, IMPROVEMENT_QUARRY, 1.0, 2791.5
264, Combat, 5, UNIT_JET_BOMBER, 7, District, 1.0, 2792.5
264, Combat, 5, UNIT_JET_BOMBER, 10, UNIT_MECHANIZED_INFANTRY, 1.0, 2793.5
264, Combat, 5, UNIT_JET_BOMBER, 10, UNIT_MECHANIZED_INFANTRY, 1.0, 2794.5
264, Combat, 5, UNIT_JET_BOMBER, 10, UNIT_MECHANIZED_INFANTRY, 1.0, 2795.5
264, Death, 5, UNIT_JET_BOMBER, 10, UNIT_MECHANIZED_INFANTRY, 1.0, 2796.5
264, Combat, 6, UNIT_MECHANIZED_INFANTRY, 4, UNIT_MECHANIZED_INFANTRY, 1.0, 2797.5
264, Combat, 6, UNIT_MECHANIZED_INFANTRY, 4, UNIT_MODERN_ARMOR, 1.0, 2798.5
264, Combat, 6, UNIT_MECHANIZED_INFANTRY, 4, UNIT_MECHANIZED_INFANTRY, 1.0, 2799.5
264, Death, 4, UNIT_MECHANIZED_INFANTRY, 6, UNIT_MECHANIZED_INFANTRY, 1.0, 2800.5
264, Combat, 6, District, 14, UNIT_MECHANIZED_INFANTRY, 1.0, 2801.5
264, Combat, 6, District, 4, UNIT_MECHANIZED_INFANTRY, 1.0, 2802.5
264, Death, 6, DISTRICT_ENCAMPMENT, 4, UNIT_MECHANIZED_INFANTRY, 1.0, 2803.5
264, Combat, 6, District, 4, UNIT_NUCLEAR_SUBMARINE, 1.0, 2804.5
264, Combat, 6, District, 4, UNIT_NUCLEAR_SUBMARINE, 1.0, 2805.5
264, Death, 6, DISTRICT_ENCAMPMENT, 4, UNIT_NUCLEAR_SUBMARINE, 1.0, 2806.5
264, Combat, 7, UNIT_MECHANIZED_INFANTRY, 5, UNIT_MODERN_ARMOR, 1.0, 2807.5
264, Combat, 7, UNIT_MECHANIZED_INFANTRY, 5, UNIT_MODERN_ARMOR, 1.0, 2808.5
264, Combat, 7, UNIT_ARCHER, 5, UNIT_MODERN_ARMOR, 1.0, 2809.5
264, Combat, 7, District, 5, UNIT_MODERN_ARMOR, 1.0, 2810.5
264, Death, 7, DISTRICT_CITY_CENTER, 5, UNIT_MODERN_ARMOR, 1.0, 2811.5
264, Combat, 7, UNIT_JET_BOMBER, 5, UNIT_NUCLEAR_SUBMARINE, 1.0, 2812.5
264, Combat, 14, District, 6, UNIT_MODERN_AT, 1.0, 2813.5
265, Combat, 1, UNIT_MODERN_ARMOR, 4, District, 1.0, 2814.5
265, Combat, 1, UNIT_MODERN_ARMOR, 4, District, 1.0, 2815.5
265, Combat, 1, UNIT_MODERN_ARMOR, 4, District, 1.0, 2816.5
265, Combat, 1, UNIT_JET_BOMBER, 4, UNIT_MECHANIZED_INFANTRY, 1.0, 2817.5
265, Combat, 1, UNIT_JET_BOMBER, 4, UNIT_MECHANIZED_INFANTRY, 1.0, 2818.5
265, Combat, 1, UNIT_JET_BOMBER, 4, UNIT_MECHANIZED_INFANTRY, 1.0, 2819.5
265, Combat, 1, UNIT_JET_BOMBER, 4, UNIT_MECHANIZED_INFANTRY, 1.0, 2820.5
265, Combat, 1, UNIT_JET_BOMBER, 4, UNIT_MECHANIZED_INFANTRY, 1.0, 2821.5
265, Combat, 1, UNIT_JET_BOMBER, 4, UNIT_MECHANIZED_INFANTRY, 1.0, 2822.5
265, Combat, 1, UNIT_JET_BOMBER, 4, UNIT_MECHANIZED_INFANTRY, 1.0, 2823.5
265, Combat, 1, UNIT_JET_BOMBER, 4, UNIT_MECHANIZED_INFANTRY, 1.0, 2824.5
265, Death, 1, UNIT_JET_BOMBER, 4, UNIT_MECHANIZED_INFANTRY, 1.0, 2825.5
265, Improvement Pillaged, -1, , 4, IMPROVEMENT_FARM, 1.0, 2826.5
265, Combat, 1, UNIT_JET_BOMBER, 4, District, 1.0, 2827.5
265, Combat, 2, UNIT_MECHANIZED_INFANTRY, 6, UNIT_MECHANIZED_INFANTRY, 1.0, 2828.5
265, Death, 2, UNIT_MECHANIZED_INFANTRY, 6, UNIT_MECHANIZED_INFANTRY, 1.0, 2829.5
265, Combat, 2, UNIT_MECHANIZED_INFANTRY, 6, UNIT_MECHANIZED_INFANTRY, 1.0, 2830.5
265, Death, 2, UNIT_MECHANIZED_INFANTRY, 6, UNIT_MECHANIZED_INFANTRY, 1.0, 2831.5
265, Combat, 4, UNIT_MECHANIZED_INFANTRY, 6, District, 1.0, 2832.5
265, Combat, 4, UNIT_MECHANIZED_INFANTRY, 6, District, 1.0, 2833.5
265, Death, 6, DISTRICT_ENCAMPMENT, 4, UNIT_MECHANIZED_INFANTRY, 1.0, 2834.5
265, Combat, 4, UNIT_MODERN_ARMOR, 6, District, 1.0, 2835.5
265, Combat, 4, UNIT_MODERN_ARMOR, 1, UNIT_MODERN_ARMOR, 1.0, 2836.5
265, Death, 4, UNIT_MODERN_ARMOR, 1, UNIT_MODERN_ARMOR, 1.0, 2837.5
265, Combat, 4, UNIT_MACHINE_GUN, 5, UNIT_MODERN_AT, 1.0, 2838.5
265, Death, 4, UNIT_MACHINE_GUN, 5, UNIT_MODERN_AT, 1.0, 2839.5
265, Combat, 4, UNIT_MECHANIZED_INFANTRY, 1, UNIT_MODERN_ARMOR, 1.0, 2840.5
265, Death, 4, UNIT_MECHANIZED_INFANTRY, 1, UNIT_MODERN_ARMOR, 1.0, 2841.5
265, Combat, 4, UNIT_MECHANIZED_INFANTRY, 1, UNIT_MODERN_ARMOR, 1.0, 2842.5
265, Combat, 4, UNIT_MECHANIZED_INFANTRY, 1, UNIT_MODERN_ARMOR, 1.0, 2843.5
265, Death, 1, UNIT_MODERN_ARMOR, 4, UNIT_MECHANIZED_INFANTRY, 1.0, 2844.5
265, Combat, 4, UNIT_NUCLEAR_SUBMARINE, 1, UNIT_MODERN_ARMOR, 1.0, 2845.5
265, Building Pillaged, -1, , 1, BUILDING_MONUMENT, 2.0, 2847.5
265, Building Pillaged, -1, , 1, BUILDING_PALACE, 2.0, 2849.5
265, Building Pillaged, -1, , 1, BUILDING_GRANARY, 2.0, 2851.5
265, Building Pillaged, -1, , 1, BUILDING_WALLS, 2.0, 2853.5
265, Building Pillaged, -1, , 1, BUILDING_WATER_MILL, 2.0, 2855.5
265, Building Pillaged, -1, , 1, BUILDING_CASTLE, 2.0, 2857.5
265, Building Pillaged, -1, , 1, BUILDING_STAR_FORT, 2.0, 2859.5
265, Building Pillaged, -1, , 1, BUILDING_SEWER, 2.0, 2861.5
265, District Pillaged, -1, , 1, DISTRICT_CITY_CENTER, 2.0, 2863.5
265, Building Pillaged, -1, , 1, BUILDING_OXFORD_UNIVERSITY, 2.0, 2865.5
265, Improvement Pillaged, -1, , 1, IMPROVEMENT_FARM, 1.0, 2866.5
265, Improvement Pillaged, -1, , 1, IMPROVEMENT_FARM, 1.0, 2867.5
265, District Pillaged, -1, , 1, DISTRICT_NEIGHBORHOOD, 2.0, 2869.5
265, Improvement Pillaged, -1, , 1, IMPROVEMENT_FARM, 1.0, 2870.5
265, Improvement Pillaged, -1, , 1, IMPROVEMENT_MINE, 1.0, 2871.5
265, Combat, 4, UNIT_JET_BOMBER, 1, District, 1.0, 2872.5
265, Nuclear Strike, 4, UNIT_JET_BOMBER, , , 5.0, 2877.5
265, District Pillaged, -1, , 1, DISTRICT_CITY_CENTER, 2.0, 2879.5
265, District Pillaged, -1, , 1, DISTRICT_NEIGHBORHOOD, 2.0, 2881.5
265, Combat, 4, UNIT_JET_BOMBER, 1, District, 1.0, 2882.5
265, Nuclear Strike, 4, UNIT_JET_BOMBER, , , 5.0, 2887.5
265, District Pillaged, -1, , 1, DISTRICT_CITY_CENTER, 2.0, 2889.5
265, District Pillaged, -1, , 1, DISTRICT_NEIGHBORHOOD, 2.0, 2891.5
265, Combat, 4, UNIT_JET_BOMBER, 1, District, 1.0, 2892.5
265, Nuclear Strike, 4, UNIT_JET_BOMBER, , , 5.0, 2897.5
265, District Pillaged, -1, , 1, DISTRICT_CITY_CENTER, 2.0, 2899.5
265, District Pillaged, -1, , 1, DISTRICT_NEIGHBORHOOD, 2.0, 2901.5
265, Combat, 4, UNIT_JET_BOMBER, 1, District, 1.0, 2902.5
265, Nuclear Strike, 4, UNIT_JET_BOMBER, , , 5.0, 2907.5
265, District Pillaged, -1, , 1, DISTRICT_CITY_CENTER, 2.0, 2909.5
265, District Pillaged, -1, , 1, DISTRICT_NEIGHBORHOOD, 2.0, 2911.5
265, Combat, 4, UNIT_JET_BOMBER, 1, District, 1.0, 2912.5
265, Nuclear Strike, 4, UNIT_JET_BOMBER, , , 5.0, 2917.5
265, Combat, 4, District, 1, UNIT_MODERN_ARMOR, 1.0, 2918.5
265, Combat, 4, District, 1, UNIT_MODERN_ARMOR, 1.0, 2919.5
265, Combat, 4, District, 6, UNIT_MISSILE_CRUISER, 1.0, 2920.5
265, Combat, 4, District, 1, UNIT_MODERN_ARMOR, 1.0, 2921.5
265, Combat, 4, District, 1, UNIT_MODERN_ARMOR, 1.0, 2922.5
265, Combat, 4, District, 1, UNIT_MODERN_ARMOR, 1.0, 2923.5
265, Combat, 4, District, 1, UNIT_MODERN_ARMOR, 1.0, 2924.5
265, Combat, 4, UNIT_NUCLEAR_SUBMARINE, 1, UNIT_MODERN_ARMOR, 1.0, 2925.5
265, Combat, 4, UNIT_NUCLEAR_SUBMARINE, 1, UNIT_MODERN_ARMOR, 1.0, 2926.5
265, Combat, 4, UNIT_NUCLEAR_SUBMARINE, 1, UNIT_MODERN_ARMOR, 1.0, 2927.5
265, Improvement Pillaged, -1, , 6, IMPROVEMENT_PLANTATION, 1.0, 2928.5
265, Improvement Pillaged, -1, , 5, IMPROVEMENT_BEACH_RESORT, 1.0, 2929.5
265, Combat, 5, District, 4, UNIT_NUCLEAR_SUBMARINE, 1.0, 2930.5
265, Combat, 5, UNIT_MISSILE_CRUISER, 7, UNIT_ARABIAN_MAMLUK, 1.0, 2931.5
265, Combat, 5, UNIT_NUCLEAR_SUBMARINE, 4, UNIT_NUCLEAR_SUBMARINE, 1.0, 2932.5
265, Combat, 5, UNIT_NUCLEAR_SUBMARINE, 4, UNIT_NUCLEAR_SUBMARINE, 1.0, 2933.5
265, Death, 5, UNIT_NUCLEAR_SUBMARINE, 4, UNIT_NUCLEAR_SUBMARINE, 1.0, 2934.5
265, Improvement Pillaged, -1, , 7, IMPROVEMENT_QUARRY, 1.0, 2935.5
265, Improvement Pillaged, -1, , 4, IMPROVEMENT_BEACH_RESORT, 1.0, 2936.5
265, Combat, 5, UNIT_JET_BOMBER, 7, UNIT_MECHANIZED_INFANTRY, 1.0, 2937.5
265, Combat, 5, UNIT_JET_BOMBER, 7, UNIT_MECHANIZED_INFANTRY, 1.0, 2938.5
265, Death, 5, UNIT_JET_BOMBER, 7, UNIT_MECHANIZED_INFANTRY, 1.0, 2939.5
265, Improvement Pillaged, -1, , 7, IMPROVEMENT_FARM, 1.0, 2940.5
265, Combat, 5, UNIT_JET_BOMBER, 7, District, 1.0, 2941.5
265, Combat, 6, UNIT_RANGER, 4, UNIT_NUCLEAR_SUBMARINE, 1.0, 2942.5
265, Combat, 6, UNIT_MECHANIZED_INFANTRY, 2, UNIT_MECHANIZED_INFANTRY, 1.0, 2943.5
265, Combat, 6, UNIT_MECHANIZED_INFANTRY, 14, UNIT_MECHANIZED_INFANTRY, 1.0, 2944.5
265, Death, 6, UNIT_MECHANIZED_INFANTRY, 14, UNIT_MECHANIZED_INFANTRY, 1.0, 2945.5
265, Combat, 6, UNIT_MECHANIZED_INFANTRY, 4, UNIT_MECHANIZED_INFANTRY, 1.0, 2946.5
265, Combat, 6, District, 2, UNIT_MECHANIZED_INFANTRY, 1.0, 2947.5
265, Combat, 6, District, 4, UNIT_MECHANIZED_INFANTRY, 1.0, 2948.5
265, Combat, 6, District, 4, UNIT_MECHANIZED_INFANTRY, 1.0, 2949.5
265, Combat, 6, District, 2, UNIT_MECHANIZED_INFANTRY, 1.0, 2950.5
265, Death, 6, DISTRICT_CITY_CENTER, 2, UNIT_MECHANIZED_INFANTRY, 1.0, 2951.5
265, Combat, 6, District, 2, UNIT_MECHANIZED_INFANTRY, 1.0, 2952.5
265, Combat, 6, District, 4, UNIT_NUCLEAR_SUBMARINE, 1.0, 2953.5
265, Combat, 6, District, 4, UNIT_NUCLEAR_SUBMARINE, 1.0, 2954.5
265, Death, 6, DISTRICT_ENCAMPMENT, 4, UNIT_NUCLEAR_SUBMARINE, 1.0, 2955.5
265, Combat, 7, UNIT_MECHANIZED_INFANTRY, 5, UNIT_MODERN_ARMOR, 1.0, 2956.5
265, Combat, 7, UNIT_MODERN_ARMOR, 5, UNIT_MODERN_ARMOR, 1.0, 2957.5
265, Combat, 7, UNIT_ARCHER, 5, UNIT_MODERN_ARMOR, 1.0, 2958.5
265, Combat, 7, UNIT_MACHINE_GUN, 5, UNIT_NUCLEAR_SUBMARINE, 1.0, 2959.5
265, Combat, 7, UNIT_MECHANIZED_INFANTRY, 5, UNIT_MODERN_ARMOR, 1.0, 2960.5
265, Death, 7, UNIT_MECHANIZED_INFANTRY, 5, UNIT_MODERN_ARMOR, 1.0, 2961.5
265, Building Pillaged, -1, , 5, BUILDING_MONUMENT, 2.0, 2963.5
265, Building Pillaged, -1, , 5, BUILDING_PALACE, 2.0, 2965.5
265, Building Pillaged, -1, , 5, BUILDING_GRANARY, 2.0, 2967.5
265, Building Pillaged, -1, , 5, BUILDING_WALLS, 2.0, 2969.5
265, Building Pillaged, -1, , 5, BUILDING_WATER_MILL, 2.0, 2971.5
265, Building Pillaged, -1, , 5, BUILDING_CASTLE, 2.0, 2973.5
265, Building Pillaged, -1, , 5, BUILDING_STAR_FORT, 2.0, 2975.5
265, Building Pillaged, -1, , 5, BUILDING_SEWER, 2.0, 2977.5
265, District Pillaged, -1, , 5, DISTRICT_CITY_CENTER, 2.0, 2979.5
265, Building Pillaged, -1, , 5, BUILDING_MARKET, 2.0, 2981.5
265, Building Pillaged, -1, , 5, BUILDING_BANK, 2.0, 2983.5
265, Building Pillaged, -1, , 5, BUILDING_STOCK_EXCHANGE, 2.0, 2985.5
265, District Pillaged, -1, , 5, DISTRICT_COMMERCIAL_HUB, 2.0, 2987.5
265, Improvement Pillaged, -1, , 5, IMPROVEMENT_PLANTATION, 1.0, 2988.5
265, Building Pillaged, -1, , 5, BUILDING_STONEHENGE, 2.0, 2990.5
265, Building Pillaged, -1, , 5, BUILDING_TERRACOTTA_ARMY, 2.0, 2992.5
265, Building Pillaged, -1, , 5, BUILDING_BIG_BEN, 2.0, 2994.5
265, Improvement Pillaged, -1, , 5, IMPROVEMENT_PASTURE, 1.0, 2995.5
265, Combat, 7, UNIT_JET_BOMBER, 5, District, 1.0, 2996.5
265, Nuclear Strike, 7, UNIT_JET_BOMBER, , , 5.0, 3001.5
265, District Pillaged, -1, , 5, DISTRICT_CITY_CENTER, 2.0, 3003.5
265, District Pillaged, -1, , 5, DISTRICT_COMMERCIAL_HUB, 2.0, 3005.5
265, Combat, 7, UNIT_JET_BOMBER, 5, District, 1.0, 3006.5
265, Nuclear Strike, 7, UNIT_JET_BOMBER, , , 5.0, 3011.5
265, Combat, 7, District, 5, UNIT_MODERN_ARMOR, 1.0, 3012.5
265, Combat, 14, District, 6, UNIT_MODERN_AT, 1.0, 3013.5
266, Combat, 1, UNIT_RANGER, 4, UNIT_MECHANIZED_INFANTRY, 1.0, 3014.5
266, Combat, 1, UNIT_MODERN_ARMOR, 4, District, 1.0, 3015.5
266, Death, 4, DISTRICT_ENCAMPMENT, 1, UNIT_MODERN_ARMOR, 1.0, 3016.5
266, Combat, 2, UNIT_MECHANIZED_INFANTRY, 6, UNIT_MECHANIZED_INFANTRY, 1.0, 3017.5
266, Death, 2, UNIT_MECHANIZED_INFANTRY, 6, UNIT_MECHANIZED_INFANTRY, 1.0, 3018.5
266, Combat, 4, UNIT_MECHANIZED_INFANTRY, 6, District, 1.0, 3019.5
266, Death, 6, DISTRICT_ENCAMPMENT, 4, UNIT_MECHANIZED_INFANTRY, 1.0, 3020.5
266, Combat, 4, UNIT_MECHANIZED_INFANTRY, 6, District, 1.0, 3021.5
266, Death, 6, DISTRICT_ENCAMPMENT, 4, UNIT_MECHANIZED_INFANTRY, 1.0, 3022.5
266, Combat, 4, UNIT_MODERN_ARMOR, 6, District, 1.0, 3023.5
266, Combat, 4, UNIT_MECHANIZED_INFANTRY, 1, UNIT_MODERN_ARMOR, 1.0, 3024.5
266, Combat, 4, UNIT_MODERN_ARMOR, 1, UNIT_RANGER, 1.0, 3025.5
266, Death, 4, UNIT_MODERN_ARMOR, 1, UNIT_RANGER, 1.0, 3026.5
266, Combat, 4, District, 1, UNIT_MODERN_ARMOR, 1.0, 3027.5
266, Combat, 4, District, 1, UNIT_MODERN_ARMOR, 1.0, 3028.5
266, Combat, 4, District, 1, UNIT_MODERN_ARMOR, 1.0, 3029.5
266, Combat, 4, District, 1, UNIT_MODERN_ARMOR, 1.0, 3030.5
266, Combat, 4, District, 1, UNIT_MODERN_ARMOR, 1.0, 3031.5
266, Combat, 4, District, 1, UNIT_MODERN_ARMOR, 1.0, 3032.5
266, Combat, 4, District, 5, UNIT_NUCLEAR_SUBMARINE, 1.0, 3033.5
266, Combat, 4, District, 6, UNIT_MECHANIZED_INFANTRY, 1.0, 3034.5
266, Combat, 4, District, 6, UNIT_MECHANIZED_INFANTRY, 1.0, 3035.5
266, Death, 4, DISTRICT_ENCAMPMENT, 6, UNIT_MECHANIZED_INFANTRY, 1.0, 3036.5
266, Combat, 4, UNIT_NUCLEAR_SUBMARINE, 1, UNIT_MODERN_ARMOR, 1.0, 3037.5
266, Combat, 4, UNIT_NUCLEAR_SUBMARINE, 1, UNIT_MODERN_ARMOR, 1.0, 3038.5
266, Improvement Pillaged, -1, , 5, IMPROVEMENT_FARM, 1.0, 3039.5
266, Combat, 5, District, 7, UNIT_MODERN_ARMOR, 1.0, 3040.5
266, Combat, 5, UNIT_MISSILE_CRUISER, 4, UNIT_NUCLEAR_SUBMARINE, 1.0, 3041.5
266, Death, 5, UNIT_MISSILE_CRUISER, 4, UNIT_NUCLEAR_SUBMARINE, 1.0, 3042.5
266, Combat, 5, District, 7, UNIT_MODERN_ARMOR, 1.0, 3043.5
266, Combat, 5, UNIT_MISSILE_CRUISER, 7, UNIT_ARABIAN_MAMLUK, 1.0, 3044.5
266, Death, 5, UNIT_MISSILE_CRUISER, 7, UNIT_ARABIAN_MAMLUK, 1.0, 3045.5
266, Building Pillaged, -1, , 7, BUILDING_STOCK_EXCHANGE, 2.0, 3047.5
266, Combat, 5, UNIT_JET_BOMBER, 4, UNIT_NUCLEAR_SUBMARINE, 1.0, 3048.5
266, Combat, 5, UNIT_JET_BOMBER, 7, UNIT_MODERN_ARMOR, 1.0, 3049.5
266, Combat, 5, UNIT_JET_BOMBER, 7, UNIT_MODERN_ARMOR, 1.0, 3050.5
266, Combat, 5, UNIT_JET_BOMBER, 10, UNIT_CROSSBOWMAN, 1.0, 3051.5
266, Death, 5, UNIT_JET_BOMBER, 10, UNIT_CROSSBOWMAN, 1.0, 3052.5
266, Combat, 5, UNIT_JET_BOMBER, 7, UNIT_MODERN_ARMOR, 1.0, 3053.5
266, Combat, 6, UNIT_RANGER, 4, UNIT_NUCLEAR_SUBMARINE, 1.0, 3054.5
266, Combat, 6, UNIT_RANGER, 4, UNIT_MODERN_ARMOR, 1.0, 3055.5
266, Combat, 6, UNIT_MECHANIZED_INFANTRY, 4, UNIT_MECHANIZED_INFANTRY, 1.0, 3056.5
266, Combat, 6, UNIT_MECHANIZED_INFANTRY, 2, UNIT_MECHANIZED_INFANTRY, 1.0, 3057.5
266, Combat, 6, UNIT_MECHANIZED_INFANTRY, 2, UNIT_MECHANIZED_INFANTRY, 1.0, 3058.5
266, Combat, 6, District, 4, UNIT_MECHANIZED_INFANTRY, 1.0, 3059.5
266, Combat, 6, District, 4, UNIT_MECHANIZED_INFANTRY, 1.0, 3060.5
266, Combat, 6, District, 2, UNIT_MECHANIZED_INFANTRY, 1.0, 3061.5
266, Death, 6, DISTRICT_ENCAMPMENT, 2, UNIT_MECHANIZED_INFANTRY, 1.0, 3062.5
266, Combat, 6, District, 2, UNIT_MECHANIZED_INFANTRY, 1.0, 3063.5
266, Combat, 6, District, 2, UNIT_MECHANIZED_INFANTRY, 1.0, 3064.5
266, Combat, 6, District, 2, UNIT_MECHANIZED_INFANTRY, 1.0, 3065.5
266, Death, 6, DISTRICT_CITY_CENTER, 2, UNIT_MECHANIZED_INFANTRY, 1.0, 3066.5
266, Combat, 6, District, 4, UNIT_MODERN_ARMOR, 1.0, 3067.5
266, Combat, 6, District, 4, UNIT_MECHANIZED_INFANTRY, 1.0, 3068.5
266, Combat, 6, District, 2, UNIT_MECHANIZED_INFANTRY, 1.0, 3069.5
266, Combat, 6, District, 2, UNIT_MECHANIZED_INFANTRY, 1.0, 3070.5
266, Death, 6, DISTRICT_ENCAMPMENT, 2, UNIT_MECHANIZED_INFANTRY, 1.0, 3071.5
266, Combat, 6, District, 4, UNIT_NUCLEAR_SUBMARINE, 1.0, 3072.5
266, Combat, 6, District, 4, UNIT_NUCLEAR_SUBMARINE, 1.0, 3073.5
266, Death, 6, DISTRICT_ENCAMPMENT, 4, UNIT_NUCLEAR_SUBMARINE, 1.0, 3074.5
266, Combat, 7, UNIT_MODERN_ARMOR, 5, UNIT_MODERN_ARMOR, 1.0, 3075.5
266, Death, 5, UNIT_MODERN_ARMOR, 7, UNIT_MODERN_ARMOR, 1.0, 3076.5
266, Combat, 7, UNIT_MECHANIZED_INFANTRY, 5, UNIT_MODERN_ARMOR, 1.0, 3077.5
266, Death, 5, UNIT_MODERN_ARMOR, 7, UNIT_MECHANIZED_INFANTRY, 1.0, 3078.5
266, Combat, 7, UNIT_MECHANIZED_INFANTRY, 5, UNIT_MODERN_ARMOR, 1.0, 3079.5
266, Combat, 7, UNIT_ARCHER, 5, UNIT_MODERN_ARMOR, 1.0, 3080.5
266, Combat, 7, UNIT_NUCLEAR_SUBMARINE, 5, UNIT_MODERN_ARMOR, 1.0, 3081.5
266, Building Pillaged, -1, , 5, BUILDING_MONUMENT, 2.0, 3083.5
266, Building Pillaged, -1, , 5, BUILDING_GRANARY, 2.0, 3085.5
266, Building Pillaged, -1, , 5, BUILDING_WALLS, 2.0, 3087.5
266, Building Pillaged, -1, , 5, BUILDING_WATER_MILL, 2.0, 3089.5
266, Building Pillaged, -1, , 5, BUILDING_CASTLE, 2.0, 3091.5
266, Building Pillaged, -1, , 5, BUILDING_STAR_FORT, 2.0, 3093.5
266, Building Pillaged, -1, , 5, BUILDING_SEWER, 2.0, 3095.5
266, District Pillaged, -1, , 5, DISTRICT_CITY_CENTER, 2.0, 3097.5
266, Improvement Pillaged, -1, , 5, IMPROVEMENT_FARM, 1.0, 3098.5
266, Building Pillaged, -1, , 5, BUILDING_LIGHTHOUSE, 2.0, 3100.5
266, Building Pillaged, -1, , 5, BUILDING_SHIPYARD, 2.0, 3102.5
266, Building Pillaged, -1, , 5, BUILDING_SEAPORT, 2.0, 3104.5
266, District Pillaged, -1, , 5, DISTRICT_HARBOR, 2.0, 3106.5
266, Improvement Pillaged, -1, , 5, IMPROVEMENT_MINE, 1.0, 3107.5
266, Improvement Pillaged, -1, , 5, IMPROVEMENT_FARM, 1.0, 3108.5
266, Improvement Pillaged, -1, , 5, IMPROVEMENT_FARM, 1.0, 3109.5
266, Improvement Pillaged, -1, , 5, IMPROVEMENT_FISHING_BOATS, 1.0, 3110.5
266, Combat, 7, UNIT_JET_BOMBER, 5, District, 1.0, 3111.5
266, Nuclear Strike, 7, UNIT_JET_BOMBER, , , 5.0, 3116.5
266, Combat, 7, UNIT_MACHINE_GUN, 5, UNIT_MODERN_ARMOR, 1.0, 3117.5
266, Death, 7, UNIT_MACHINE_GUN, 5, UNIT_MODERN_ARMOR, 1.0, 3118.5
267, Combat, 1, UNIT_MODERN_ARMOR, 4, UNIT_MODERN_ARMOR, 1.0, 3119.5
267, Combat, 1, UNIT_MODERN_ARMOR, 4, UNIT_MODERN_ARMOR, 1.0, 3120.5
267, Death, 1, UNIT_MODERN_ARMOR, 4, UNIT_MODERN_ARMOR, 1.0, 3121.5
267, Combat, 1, UNIT_MODERN_ARMOR, 4, UNIT_MODERN_ARMOR, 1.0, 3122.5
267, Building Pillaged, -1, , 4, BUILDING_MONUMENT, 2.0, 3124.5
267, Building Pillaged, -1, , 4, BUILDING_GRANARY, 2.0, 3126.5
267, Building Pillaged, -1, , 4, BUILDING_WALLS, 2.0, 3128.5
267, Building Pillaged, -1, , 4, BUILDING_CASTLE, 2.0, 3130.5
267, Building Pillaged, -1, , 4, BUILDING_STAR_FORT, 2.0, 3132.5
267, Building Pillaged, -1, , 4, BUILDING_SEWER, 2.0, 3134.5
267, District Pillaged, -1, , 4, DISTRICT_CITY_CENTER, 2.0, 3136.5
267, Improvement Pillaged, -1, , 4, IMPROVEMENT_FARM, 1.0, 3137.5
267, Building Pillaged, -1, , 4, BUILDING_LIBRARY, 2.0, 3139.5
267, Building Pillaged, -1, , 4, BUILDING_UNIVERSITY, 2.0, 3141.5
267, Building Pillaged, -1, , 4, BUILDING_RESEARCH_LAB, 2.0, 3143.5
267, District Pillaged, -1, , 4, DISTRICT_CAMPUS, 2.0, 3145.5
267, Improvement Pillaged, -1, , 4, IMPROVEMENT_FARM, 1.0, 3146.5
267, Improvement Pillaged, -1, , 4, IMPROVEMENT_FARM, 1.0, 3147.5
267, Improvement Pillaged, -1, , 4, IMPROVEMENT_PASTURE, 1.0, 3148.5
267, Building Pillaged, -1, , 4, BUILDING_MARKET, 2.0, 3150.5
267, Building Pillaged, -1, , 4, BUILDING_BANK, 2.0, 3152.5
267, Building Pillaged, -1, , 4, BUILDING_STOCK_EXCHANGE, 2.0, 3154.5
267, District Pillaged, -1, , 4, DISTRICT_COMMERCIAL_HUB, 2.0, 3156.5
267, Building Pillaged, -1, , 4, BUILDING_BARRACKS, 2.0, 3158.5
267, Building Pillaged, -1, , 4, BUILDING_ARMORY, 2.0, 3160.5
267, Building Pillaged, -1, , 4, BUILDING_MILITARY_ACADEMY, 2.0, 3162.5
267, District Pillaged, -1, , 4, DISTRICT_ENCAMPMENT, 2.0, 3164.5
267, Improvement Pillaged, -1, , 4, IMPROVEMENT_FARM, 1.0, 3165.5
267, Improvement Pillaged, -1, , 1, IMPROVEMENT_FARM, 1.0, 3166.5
267, Building Pillaged, -1, , 4, BUILDING_BARRACKS, 2.0, 3168.5
267, Building Pillaged, -1, , 4, BUILDING_ARMORY, 2.0, 3170.5
267, Building Pillaged, -1, , 4, BUILDING_MILITARY_ACADEMY, 2.0, 3172.5
267, District Pillaged, -1, , 4, DISTRICT_ENCAMPMENT, 2.0, 3174.5
267, Improvement Pillaged, -1, , 1, IMPROVEMENT_FARM, 1.0, 3175.5
267, Building Pillaged, -1, , 4, BUILDING_HANGAR, 2.0, 3177.5
267, Building Pillaged, -1, , 4, BUILDING_AIRPORT, 2.0, 3179.5
267, District Pillaged, -1, , 4, DISTRICT_AERODROME, 2.0, 3181.5
267, Improvement Pillaged, -1, , 4, IMPROVEMENT_PASTURE, 1.0, 3182.5
267, Building Pillaged, -1, , 4, BUILDING_HERMITAGE, 2.0, 3184.5
267, Building Pillaged, -1, , 4, BUILDING_MARKET, 2.0, 3186.5
267, Building Pillaged, -1, , 4, BUILDING_BANK, 2.0, 3188.5
267, Building Pillaged, -1, , 4, BUILDING_STOCK_EXCHANGE, 2.0, 3190.5
267, District Pillaged, -1, , 4, DISTRICT_COMMERCIAL_HUB, 2.0, 3192.5
267, Combat, 1, UNIT_JET_BOMBER, 4, District, 1.0, 3193.5
267, Nuclear Strike, 1, UNIT_JET_BOMBER, , , 5.0, 3198.5
267, District Pillaged, -1, , 4, DISTRICT_CITY_CENTER, 2.0, 3200.5
267, District Pillaged, -1, , 4, DISTRICT_CAMPUS, 2.0, 3202.5
267, District Pillaged, -1, , 4, DISTRICT_COMMERCIAL_HUB, 2.0, 3204.5
267, District Pillaged, -1, , 4, DISTRICT_ENCAMPMENT, 2.0, 3206.5
267, District Pillaged, -1, , 4, DISTRICT_ENCAMPMENT, 2.0, 3208.5
267, District Pillaged, -1, , 4, DISTRICT_AERODROME, 2.0, 3210.5
267, District Pillaged, -1, , 4, DISTRICT_COMMERCIAL_HUB, 2.0, 3212.5
267, Combat, 1, UNIT_JET_BOMBER, 4, District, 1.0, 3213.5
267, Nuclear Strike, 1, UNIT_JET_BOMBER, , , 5.0, 3218.5
267, District Pillaged, -1, , 4, DISTRICT_CITY_CENTER, 2.0, 3220.5
267, District Pillaged, -1, , 4, DISTRICT_CAMPUS, 2.0, 3222.5
267, Combat, 1, UNIT_JET_BOMBER, 4, District, 1.0, 3223.5
267, Nuclear Strike, 1, UNIT_JET_BOMBER, , , 5.0, 3228.5
267, District Pillaged, -1, , 4, DISTRICT_CITY_CENTER, 2.0, 3230.5
267, District Pillaged, -1, , 4, DISTRICT_CAMPUS, 2.0, 3232.5
267, Combat, 1, UNIT_JET_BOMBER, 4, District, 1.0, 3233.5
267, Nuclear Strike, 1, UNIT_JET_BOMBER, , , 5.0, 3238.5
267, District Pillaged, -1, , 4, DISTRICT_CITY_CENTER, 2.0, 3240.5
267, District Pillaged, -1, , 4, DISTRICT_CAMPUS, 2.0, 3242.5
267, Combat, 1, UNIT_JET_BOMBER, 4, District, 1.0, 3243.5
267, Nuclear Strike, 1, UNIT_JET_BOMBER, , , 5.0, 3248.5
267, District Pillaged, -1, , 4, DISTRICT_CITY_CENTER, 2.0, 3250.5
267, District Pillaged, -1, , 4, DISTRICT_CAMPUS, 2.0, 3252.5
267, Combat, 1, UNIT_JET_BOMBER, 4, District, 1.0, 3253.5
267, Nuclear Strike, 1, UNIT_JET_BOMBER, , , 5.0, 3258.5
267, District Pillaged, -1, , 4, DISTRICT_CITY_CENTER, 2.0, 3260.5
267, District Pillaged, -1, , 4, DISTRICT_CAMPUS, 2.0, 3262.5
267, Combat, 1, UNIT_JET_BOMBER, 4, District, 1.0, 3263.5
267, Nuclear Strike, 1, UNIT_JET_BOMBER, , , 5.0, 3268.5
267, District Pillaged, -1, , 4, DISTRICT_CITY_CENTER, 2.0, 3270.5
267, District Pillaged, -1, , 4, DISTRICT_CAMPUS, 2.0, 3272.5
267, Combat, 1, UNIT_JET_BOMBER, 4, District, 1.0, 3273.5
267, Nuclear Strike, 1, UNIT_JET_BOMBER, , , 5.0, 3278.5
267, District Pillaged, -1, , 4, DISTRICT_CITY_CENTER, 2.0, 3280.5
267, District Pillaged, -1, , 4, DISTRICT_CAMPUS, 2.0, 3282.5
267, Combat, 1, UNIT_JET_BOMBER, 4, District, 1.0, 3283.5
267, Nuclear Strike, 1, UNIT_JET_BOMBER, , , 5.0, 3288.5
267, District Pillaged, -1, , 4, DISTRICT_CITY_CENTER, 2.0, 3290.5
267, District Pillaged, -1, , 4, DISTRICT_CAMPUS, 2.0, 3292.5
267, Combat, 1, UNIT_JET_BOMBER, 4, District, 1.0, 3293.5
267, Nuclear Strike, 1, UNIT_JET_BOMBER, , , 5.0, 3298.5
267, Combat, 1, District, 4, UNIT_MODERN_ARMOR, 1.0, 3299.5
267, Death, 1, DISTRICT_CITY_CENTER, 4, UNIT_MODERN_ARMOR, 1.0, 3300.5
267, Combat, 4, UNIT_MECHANIZED_INFANTRY, 6, UNIT_MECHANIZED_INFANTRY, 1.0, 3301.5
267, Combat, 4, UNIT_MECHANIZED_INFANTRY, 6, District, 1.0, 3302.5
267, Combat, 4, UNIT_MECHANIZED_INFANTRY, 6, District, 1.0, 3303.5
267, Combat, 4, UNIT_MODERN_ARMOR, 6, UNIT_RANGER, 1.0, 3304.5
267, Death, 4, UNIT_MODERN_ARMOR, 6, UNIT_RANGER, 1.0, 3305.5
267, Combat, 4, UNIT_MECHANIZED_INFANTRY, 1, UNIT_MODERN_ARMOR, 1.0, 3306.5
267, Death, 1, UNIT_MODERN_ARMOR, 4, UNIT_MECHANIZED_INFANTRY, 1.0, 3307.5
267, Combat, 4, UNIT_MODERN_ARMOR, 6, UNIT_MECHANIZED_INFANTRY, 1.0, 3308.5
267, Death, 4, UNIT_MODERN_ARMOR, 6, UNIT_MECHANIZED_INFANTRY, 1.0, 3309.5
267, Combat, 4, District, 1, UNIT_MODERN_ARMOR, 1.0, 3310.5
267, Death, 4, DISTRICT_CITY_CENTER, 1, UNIT_MODERN_ARMOR, 1.0, 3311.5
267, Combat, 4, District, 1, UNIT_MODERN_ARMOR, 1.0, 3312.5
267, Death, 4, DISTRICT_CITY_CENTER, 1, UNIT_MODERN_ARMOR, 1.0, 3313.5
267, Combat, 4, District, 1, UNIT_MODERN_ARMOR, 1.0, 3314.5
267, Combat, 4, District, 6, UNIT_MECHANIZED_INFANTRY, 1.0, 3315.5
267, Combat, 4, District, 6, UNIT_MECHANIZED_INFANTRY, 1.0, 3316.5
267, Combat, 4, UNIT_NUCLEAR_SUBMARINE, 6, District, 1.0, 3317.5
267, Combat, 4, UNIT_ARTILLERY, 6, UNIT_MECHANIZED_INFANTRY, 1.0, 3318.5
267, Improvement Pillaged, -1, , 5, IMPROVEMENT_FARM, 1.0, 3319.5
267, Combat, 4, UNIT_JET_BOMBER, 1, UNIT_MODERN_ARMOR, 1.0, 3320.5
267, Combat, 4, UNIT_JET_BOMBER, 1, UNIT_MODERN_ARMOR, 1.0, 3321.5
267, Combat, 4, UNIT_JET_BOMBER, 1, UNIT_MODERN_ARMOR, 1.0, 3322.5
267, Combat, 5, District, 7, UNIT_MODERN_ARMOR, 1.0, 3323.5
267, Death, 5, DISTRICT_CITY_CENTER, 7, UNIT_MODERN_ARMOR, 1.0, 3324.5
267, Combat, 5, District, 4, UNIT_MACHINE_GUN, 1.0, 3325.5
267, Death, 5, DISTRICT_CITY_CENTER, 4, UNIT_MACHINE_GUN, 1.0, 3326.5
267, Combat, 5, UNIT_MISSILE_CRUISER, 7, UNIT_MUSKETMAN, 1.0, 3327.5
267, Death, 5, UNIT_MISSILE_CRUISER, 7, UNIT_MUSKETMAN, 1.0, 3328.5
267, Building Pillaged, -1, , 7, BUILDING_POWER_PLANT, 2.0, 3330.5
267, Combat, 5, UNIT_JET_BOMBER, 7, UNIT_MECHANIZED_INFANTRY, 1.0, 3331.5
267, Combat, 5, UNIT_JET_BOMBER, 7, UNIT_MECHANIZED_INFANTRY, 1.0, 3332.5
267, Combat, 5, UNIT_JET_BOMBER, 7, UNIT_MECHANIZED_INFANTRY, 1.0, 3333.5
267, Combat, 6, UNIT_RANGER, 4, UNIT_MODERN_ARMOR, 1.0, 3334.5
267, Combat, 6, UNIT_MODERN_AT, 4, UNIT_MODERN_ARMOR, 1.0, 3335.5
267, Death, 6, UNIT_MODERN_AT, 4, UNIT_MODERN_ARMOR, 1.0, 3336.5
267, Combat, 6, UNIT_MECHANIZED_INFANTRY, 4, UNIT_MECHANIZED_INFANTRY, 1.0, 3337.5
267, Death, 6, UNIT_MECHANIZED_INFANTRY, 4, UNIT_MECHANIZED_INFANTRY, 1.0, 3338.5
267, Combat, 6, District, 4, UNIT_MODERN_ARMOR, 1.0, 3339.5
267, Death, 6, DISTRICT_CITY_CENTER, 4, UNIT_MODERN_ARMOR, 1.0, 3340.5
267, Combat, 6, District, 4, UNIT_MECHANIZED_INFANTRY, 1.0, 3341.5
267, Combat, 6, District, 2, UNIT_MECHANIZED_INFANTRY, 1.0, 3342.5
267, Combat, 6, District, 4, UNIT_MECHANIZED_INFANTRY, 1.0, 3343.5
267, Combat, 6, District, 4, UNIT_MODERN_ARMOR, 1.0, 3344.5
267, Combat, 6, District, 4, UNIT_MODERN_ARMOR, 1.0, 3345.5
267, Combat, 6, District, 4, UNIT_MECHANIZED_INFANTRY, 1.0, 3346.5
267, Combat, 6, District, 4, UNIT_MECHANIZED_INFANTRY, 1.0, 3347.5
267, Death, 6, DISTRICT_CITY_CENTER, 4, UNIT_MECHANIZED_INFANTRY, 1.0, 3348.5
267, Combat, 6, District, 4, UNIT_NUCLEAR_SUBMARINE, 1.0, 3349.5
267, Combat, 6, District, 4, UNIT_NUCLEAR_SUBMARINE, 1.0, 3350.5
268, Building Pillaged, -1, , 4, BUILDING_POWER_PLANT, 2.0, 3352.5
268, Building Pillaged, -1, , 4, BUILDING_FACTORY, 2.0, 3354.5
268, Building Pillaged, -1, , 4, BUILDING_WORKSHOP, 2.0, 3356.5
268, Building Pillaged, -1, , 4, BUILDING_POWER_PLANT, 2.0, 3352.5
268, Building Pillaged, -1, , 4, BUILDING_FACTORY, 2.0, 3354.5
268, Building Pillaged, -1, , 4, BUILDING_WORKSHOP, 2.0, 3356.5
268, Combat, 2, UNIT_MECHANIZED_INFANTRY, 6, UNIT_MECHANIZED_INFANTRY, 1.0, 3357.5
268, Combat, 2, UNIT_MECHANIZED_INFANTRY, 6, UNIT_MECHANIZED_INFANTRY, 1.0, 3358.5
268, Death, 2, UNIT_MECHANIZED_INFANTRY, 6, UNIT_MECHANIZED_INFANTRY, 1.0, 3359.5
268, Improvement Pillaged, -1, , 6, IMPROVEMENT_PASTURE, 1.0, 3360.5
268, Combat, 2, UNIT_JET_BOMBER, 6, District, 1.0, 3361.5
268, Combat, 4, UNIT_MECHANIZED_INFANTRY, 6, District, 1.0, 3362.5
268, Death, 6, DISTRICT_ENCAMPMENT, 4, UNIT_MECHANIZED_INFANTRY, 1.0, 3363.5
268, Combat, 4, UNIT_MODERN_ARMOR, 6, District, 1.0, 3364.5
268, Combat, 4, UNIT_MODERN_ARMOR, 6, District, 1.0, 3365.5
268, Death, 6, DISTRICT_ENCAMPMENT, 4, UNIT_MODERN_ARMOR, 1.0, 3366.5
268, Combat, 4, District, 1, UNIT_MODERN_ARMOR, 1.0, 3367.5
268, Combat, 4, District, 1, UNIT_MODERN_ARMOR, 1.0, 3368.5
268, Death, 4, DISTRICT_CITY_CENTER, 1, UNIT_MODERN_ARMOR, 1.0, 3369.5
268, Combat, 4, District, 6, UNIT_MECHANIZED_INFANTRY, 1.0, 3370.5
268, Death, 4, DISTRICT_CITY_CENTER, 6, UNIT_MECHANIZED_INFANTRY, 1.0, 3371.5
268, Combat, 4, UNIT_NUCLEAR_SUBMARINE, 6, UNIT_RANGER, 1.0, 3372.5
268, Death, 4, UNIT_NUCLEAR_SUBMARINE, 6, UNIT_RANGER, 1.0, 3373.5
268, Combat, 4, UNIT_JET_BOMBER, 6, UNIT_MECHANIZED_INFANTRY, 1.0, 3374.5
268, Combat, 4, UNIT_JET_BOMBER, 6, UNIT_MECHANIZED_INFANTRY, 1.0, 3375.5
268, Combat, 4, UNIT_JET_BOMBER, 6, UNIT_MECHANIZED_INFANTRY, 1.0, 3376.5
268, Building Pillaged, -1, , 7, BUILDING_FACTORY, 2.0, 3378.5
268, Combat, 5, UNIT_JET_BOMBER, 7, UNIT_ARCHER, 1.0, 3379.5
268, Death, 5, UNIT_JET_BOMBER, 7, UNIT_ARCHER, 1.0, 3380.5
268, Combat, 6, UNIT_MECHANIZED_INFANTRY, 4, UNIT_MODERN_ARMOR, 1.0, 3381.5
268, Combat, 6, District, 2, UNIT_MODERN_ARMOR, 1.0, 3382.5
268, Combat, 6, District, 4, UNIT_MECHANIZED_INFANTRY, 1.0, 3383.5
268, Combat, 6, District, 4, UNIT_MODERN_ARMOR, 1.0, 3384.5
268, Death, 6, DISTRICT_CITY_CENTER, 4, UNIT_MODERN_ARMOR, 1.0, 3385.5
268, Combat, 6, District, 4, UNIT_MODERN_ARMOR, 1.0, 3386.5
268, Combat, 6, District, 2, UNIT_MODERN_ARMOR, 1.0, 3387.5
268, Death, 6, DISTRICT_CITY_CENTER, 2, UNIT_MODERN_ARMOR, 1.0, 3388.5
268, Combat, 6, District, 4, UNIT_MECHANIZED_INFANTRY, 1.0, 3389.5
268, Death, 6, DISTRICT_CITY_CENTER, 4, UNIT_MECHANIZED_INFANTRY, 1.0, 3390.5
268, Combat, 6, District, 4, UNIT_NUCLEAR_SUBMARINE, 1.0, 3391.5
268, Combat, 6, District, 4, UNIT_NUCLEAR_SUBMARINE, 1.0, 3392.5
268, Death, 6, DISTRICT_ENCAMPMENT, 4, UNIT_NUCLEAR_SUBMARINE, 1.0, 3393.5
268, Combat, 14, District, 6, UNIT_RANGER, 1.0, 3394.5
269, Combat, 2, UNIT_NUCLEAR_SUBMARINE, 6, UNIT_MISSILE_CRUISER, 1.0, 3395.5
269, Death, 2, UNIT_NUCLEAR_SUBMARINE, 6, UNIT_MISSILE_CRUISER, 1.0, 3396.5
269, Combat, 4, UNIT_MACHINE_GUN, 6, UNIT_RANGER, 1.0, 3397.5
269, Death, 4, UNIT_MACHINE_GUN, 6, UNIT_RANGER, 1.0, 3398.5
269, Combat, 4, UNIT_MECHANIZED_INFANTRY, 6, District, 1.0, 3399.5
269, Combat, 4, UNIT_MODERN_ARMOR, 6, District, 1.0, 3400.5
269, Combat, 4, UNIT_MODERN_ARMOR, 6, District, 1.0, 3401.5
269, Combat, 4, UNIT_MECHANIZED_INFANTRY, 6, UNIT_MECHANIZED_INFANTRY, 1.0, 3402.5
269, Combat, 4, District, 6, UNIT_MECHANIZED_INFANTRY, 1.0, 3403.5
269, Death, 4, DISTRICT_ENCAMPMENT, 6, UNIT_MECHANIZED_INFANTRY, 1.0, 3404.5
269, Combat, 4, District, 6, UNIT_MECHANIZED_INFANTRY, 1.0, 3405.5
269, Building Pillaged, -1, , 7, BUILDING_WORKSHOP, 2.0, 3407.5
269, Combat, 6, UNIT_MODERN_AT, 4, UNIT_MODERN_ARMOR, 1.0, 3408.5
269, Death, 4, UNIT_MODERN_ARMOR, 6, UNIT_MODERN_AT, 1.0, 3409.5
269, Combat, 6, UNIT_MECHANIZED_INFANTRY, 4, UNIT_MODERN_ARMOR, 1.0, 3410.5
269, Death, 6, UNIT_MECHANIZED_INFANTRY, 4, UNIT_MODERN_ARMOR, 1.0, 3411.5
269, Combat, 6, UNIT_MECHANIZED_INFANTRY, 4, UNIT_MECHANIZED_INFANTRY, 1.0, 3412.5
269, Death, 6, UNIT_MECHANIZED_INFANTRY, 4, UNIT_MECHANIZED_INFANTRY, 1.0, 3413.5
269, Combat, 6, District, 2, UNIT_MECHANIZED_INFANTRY, 1.0, 3414.5
269, Combat, 6, District, 4, UNIT_MECHANIZED_INFANTRY, 1.0, 3415.5
269, Combat, 6, District, 4, UNIT_MODERN_ARMOR, 1.0, 3416.5
269, Combat, 6, District, 4, UNIT_NUCLEAR_SUBMARINE, 1.0, 3417.5
269, Combat, 6, UNIT_APOSTLE, 5, UNIT_MISSIONARY, 1.0, 3418.5
269, Death, 6, UNIT_APOSTLE, 5, UNIT_MISSIONARY, 1.0, 3419.5
269, Combat, 14, District, 6, UNIT_MECHANIZED_INFANTRY, 1.0, 3420.5
270, Combat, 1, UNIT_MODERN_ARMOR, 4, District, 1.0, 3421.5
270, Combat, 1, UNIT_MODERN_ARMOR, 4, District, 1.0, 3422.5
270, Combat, 2, UNIT_MECHANIZED_INFANTRY, 6, UNIT_MECHANIZED_INFANTRY, 1.0, 3423.5
270, Combat, 2, UNIT_MECHANIZED_INFANTRY, 6, UNIT_MECHANIZED_INFANTRY, 1.0, 3424.5
270, Combat, 2, UNIT_JET_BOMBER, 6, UNIT_MECHANIZED_INFANTRY, 1.0, 3425.5
270, Death, 2, UNIT_JET_BOMBER, 6, UNIT_MECHANIZED_INFANTRY, 1.0, 3426.5
270, Improvement Pillaged, -1, , 6, IMPROVEMENT_PLANTATION, 1.0, 3427.5
270, Combat, 2, UNIT_JET_BOMBER, 6, District, 1.0, 3428.5
270, Combat, 4, UNIT_MACHINE_GUN, 1, UNIT_MODERN_ARMOR, 1.0, 3429.5
270, Combat, 4, UNIT_MACHINE_GUN, 6, UNIT_MECHANIZED_INFANTRY, 1.0, 3430.5
270, Combat, 4, UNIT_MECHANIZED_INFANTRY, 6, UNIT_MECHANIZED_INFANTRY, 1.0, 3431.5
270, Combat, 4, UNIT_MECHANIZED_INFANTRY, 6, District, 1.0, 3432.5
270, Death, 6, DISTRICT_ENCAMPMENT, 4, UNIT_MECHANIZED_INFANTRY, 1.0, 3433.5
270, Combat, 4, UNIT_MODERN_ARMOR, 6, District, 1.0, 3434.5
270, Death, 6, DISTRICT_ENCAMPMENT, 4, UNIT_MODERN_ARMOR, 1.0, 3435.5
270, Combat, 4, District, 1, UNIT_MODERN_ARMOR, 1.0, 3436.5
270, Combat, 4, District, 1, UNIT_MODERN_ARMOR, 1.0, 3437.5
270, Death, 4, DISTRICT_CITY_CENTER, 1, UNIT_MODERN_ARMOR, 1.0, 3438.5
270, Combat, 5, UNIT_NUCLEAR_SUBMARINE, 4, UNIT_NUCLEAR_SUBMARINE, 1.0, 3439.5
270, Combat, 5, UNIT_NUCLEAR_SUBMARINE, 4, UNIT_NUCLEAR_SUBMARINE, 1.0, 3440.5
270, Building Pillaged, -1, , 4, BUILDING_MONUMENT, 2.0, 3442.5
270, Building Pillaged, -1, , 4, BUILDING_GRANARY, 2.0, 3444.5
270, Building Pillaged, -1, , 4, BUILDING_WALLS, 2.0, 3446.5
270, Building Pillaged, -1, , 4, BUILDING_WATER_MILL, 2.0, 3448.5
270, Building Pillaged, -1, , 4, BUILDING_CASTLE, 2.0, 3450.5
270, Building Pillaged, -1, , 4, BUILDING_STAR_FORT, 2.0, 3452.5
270, Building Pillaged, -1, , 4, BUILDING_SEWER, 2.0, 3454.5
270, District Pillaged, -1, , 4, DISTRICT_CITY_CENTER, 2.0, 3456.5
270, Building Pillaged, -1, , 4, BUILDING_LIBRARY, 2.0, 3458.5
270, Building Pillaged, -1, , 4, BUILDING_UNIVERSITY, 2.0, 3460.5
270, Building Pillaged, -1, , 4, BUILDING_RESEARCH_LAB, 2.0, 3462.5
270, District Pillaged, -1, , 4, DISTRICT_CAMPUS, 2.0, 3464.5
270, Improvement Pillaged, -1, , 4, IMPROVEMENT_PLANTATION, 1.0, 3465.5
270, Improvement Pillaged, -1, , 4, IMPROVEMENT_FARM, 1.0, 3466.5
270, Improvement Pillaged, -1, , 4, IMPROVEMENT_FARM, 1.0, 3467.5
270, Improvement Pillaged, -1, , 4, IMPROVEMENT_MINE, 1.0, 3468.5
270, Improvement Pillaged, -1, , 4, IMPROVEMENT_PLANTATION, 1.0, 3469.5
270, Improvement Pillaged, -1, , 4, IMPROVEMENT_PLANTATION, 1.0, 3470.5
270, Improvement Pillaged, -1, , 4, IMPROVEMENT_FARM, 1.0, 3471.5
270, Improvement Pillaged, -1, , 4, IMPROVEMENT_PLANTATION, 1.0, 3472.5
270, Improvement Pillaged, -1, , 4, IMPROVEMENT_FARM, 1.0, 3473.5
270, Building Pillaged, -1, , 4, BUILDING_WORKSHOP, 2.0, 3475.5
270, Building Pillaged, -1, , 4, BUILDING_FACTORY, 2.0, 3477.5
270, Building Pillaged, -1, , 4, BUILDING_POWER_PLANT, 2.0, 3479.5
270, District Pillaged, -1, , 4, DISTRICT_INDUSTRIAL_ZONE, 2.0, 3481.5
270, Improvement Pillaged, -1, , 4, IMPROVEMENT_FARM, 1.0, 3482.5
270, Building Pillaged, -1, , 4, BUILDING_STABLE, 2.0, 3484.5
270, Building Pillaged, -1, , 4, BUILDING_ARMORY, 2.0, 3486.5
270, Building Pillaged, -1, , 4, BUILDING_MILITARY_ACADEMY, 2.0, 3488.5
270, District Pillaged, -1, , 4, DISTRICT_ENCAMPMENT, 2.0, 3490.5
270, Improvement Pillaged, -1, , 4, IMPROVEMENT_FARM, 1.0, 3491.5
270, Improvement Pillaged, -1, , 4, IMPROVEMENT_FARM, 1.0, 3492.5
270, Building Pillaged, -1, , 4, BUILDING_HANGAR, 2.0, 3494.5
270, Building Pillaged, -1, , 4, BUILDING_AIRPORT, 2.0, 3496.5
270, District Pillaged, -1, , 4, DISTRICT_AERODROME, 2.0, 3498.5
270, Combat, 5, UNIT_NUCLEAR_SUBMARINE, 4, District, 1.0, 3499.5
270, Nuclear Strike, 5, UNIT_NUCLEAR_SUBMARINE, , , 5.0, 3504.5
270, District Pillaged, -1, , 4, DISTRICT_CITY_CENTER, 2.0, 3506.5
270, District Pillaged, -1, , 4, DISTRICT_CAMPUS, 2.0, 3508.5
270, Combat, 5, UNIT_NUCLEAR_SUBMARINE, 4, District, 1.0, 3509.5
270, Nuclear Strike, 5, UNIT_NUCLEAR_SUBMARINE, , , 5.0, 3514.5
270, District Pillaged, -1, , 4, DISTRICT_CITY_CENTER, 2.0, 3516.5
270, District Pillaged, -1, , 4, DISTRICT_CAMPUS, 2.0, 3518.5
270, Combat, 5, UNIT_NUCLEAR_SUBMARINE, 4, District, 1.0, 3519.5
270, Nuclear Strike, 5, UNIT_NUCLEAR_SUBMARINE, , , 5.0, 3524.5
270, Combat, 5, UNIT_NUCLEAR_SUBMARINE, 4, UNIT_NUCLEAR_SUBMARINE, 1.0, 3525.5
270, Death, 5, UNIT_NUCLEAR_SUBMARINE, 4, UNIT_NUCLEAR_SUBMARINE, 1.0, 3526.5
270, District Pillaged, -1, , 7, DISTRICT_INDUSTRIAL_ZONE, 2.0, 3528.5
270, Combat, 6, UNIT_MECHANIZED_INFANTRY, 4, UNIT_MACHINE_GUN, 1.0, 3529.5
270, Combat, 6, UNIT_MECHANIZED_INFANTRY, 4, UNIT_MODERN_ARMOR, 1.0, 3530.5
270, Combat, 6, UNIT_MECHANIZED_INFANTRY, 4, UNIT_MODERN_ARMOR, 1.0, 3531.5
270, Death, 6, UNIT_MECHANIZED_INFANTRY, 4, UNIT_MODERN_ARMOR, 1.0, 3532.5
270, Combat, 6, UNIT_MECHANIZED_INFANTRY, 2, UNIT_MECHANIZED_INFANTRY, 1.0, 3533.5
270, Combat, 6, District, 4, UNIT_ARTILLERY, 1.0, 3534.5
270, Combat, 6, District, 2, UNIT_MECHANIZED_INFANTRY, 1.0, 3535.5
270, Combat, 6, District, 2, UNIT_MECHANIZED_INFANTRY, 1.0, 3536.5
270, District Pillaged, -1, , 5, DISTRICT_CITY_CENTER, 2.0, 3538.5
270, District Pillaged, -1, , 5, DISTRICT_HARBOR, 2.0, 3540.5
270, Combat, 7, UNIT_NUCLEAR_SUBMARINE, 5, District, 1.0, 3541.5
270, Nuclear Strike, 7, UNIT_NUCLEAR_SUBMARINE, , , 5.0, 3546.5
270, Combat, 7, UNIT_MACHINE_GUN, 5, UNIT_NUCLEAR_SUBMARINE, 1.0, 3547.5
270, Combat, 14, District, 6, UNIT_MECHANIZED_INFANTRY, 1.0, 3548.5
271, Improvement Pillaged, -1, , 4, IMPROVEMENT_FARM, 1.0, 3549.5
271, Improvement Pillaged, -1, , 4, IMPROVEMENT_FARM, 1.0, 3550.5
271, Combat, 2, UNIT_JET_BOMBER, 6, UNIT_MECHANIZED_INFANTRY, 1.0, 3551.5
271, Death, 2, UNIT_JET_BOMBER, 6, UNIT_MECHANIZED_INFANTRY, 1.0, 3552.5
271, Combat, 4, UNIT_MACHINE_GUN, 6, UNIT_MECHANIZED_INFANTRY, 1.0, 3553.5
271, Combat, 4, UNIT_MECHANIZED_INFANTRY, 6, UNIT_MECHANIZED_INFANTRY, 1.0, 3554.5
271, Combat, 4, UNIT_MECHANIZED_INFANTRY, 6, UNIT_MECHANIZED_INFANTRY, 1.0, 3555.5
271, Death, 4, UNIT_MECHANIZED_INFANTRY, 6, UNIT_MECHANIZED_INFANTRY, 1.0, 3556.5
271, Combat, 4, UNIT_MECHANIZED_INFANTRY, 6, District, 1.0, 3557.5
271, Combat, 4, District, 6, UNIT_MECHANIZED_INFANTRY, 1.0, 3558.5
271, Death, 4, DISTRICT_CITY_CENTER, 6, UNIT_MECHANIZED_INFANTRY, 1.0, 3559.5
271, Combat, 4, UNIT_NUCLEAR_SUBMARINE, 6, District, 1.0, 3560.5
271, Combat, 4, UNIT_NUCLEAR_SUBMARINE, 6, District, 1.0, 3561.5
271, Improvement Pillaged, -1, , 10, IMPROVEMENT_FARM, 1.0, 3562.5
271, Combat, 6, UNIT_MECHANIZED_INFANTRY, 4, UNIT_MECHANIZED_INFANTRY, 1.0, 3563.5
271, Combat, 6, UNIT_MECHANIZED_INFANTRY, 4, UNIT_MECHANIZED_INFANTRY, 1.0, 3564.5
271, Combat, 6, UNIT_MECHANIZED_INFANTRY, 4, UNIT_MECHANIZED_INFANTRY, 1.0, 3565.5
271, Combat, 6, UNIT_MECHANIZED_INFANTRY, 4, UNIT_MECHANIZED_INFANTRY, 1.0, 3566.5
271, Combat, 6, District, 2, UNIT_MECHANIZED_INFANTRY, 1.0, 3567.5
271, Combat, 6, District, 2, UNIT_MECHANIZED_INFANTRY, 1.0, 3568.5
271, Combat, 6, District, 4, UNIT_ARTILLERY, 1.0, 3569.5
271, Death, 6, DISTRICT_ENCAMPMENT, 4, UNIT_ARTILLERY, 1.0, 3570.5
271, Combat, 6, District, 4, UNIT_MECHANIZED_INFANTRY, 1.0, 3571.5
271, Death, 6, DISTRICT_ENCAMPMENT, 4, UNIT_MECHANIZED_INFANTRY, 1.0, 3572.5
271, Combat, 6, District, 2, UNIT_MECHANIZED_INFANTRY, 1.0, 3573.5
271, Combat, 6, District, 4, UNIT_NUCLEAR_SUBMARINE, 1.0, 3574.5
271, District Pillaged, -1, , 5, DISTRICT_CITY_CENTER, 2.0, 3576.5
271, District Pillaged, -1, , 5, DISTRICT_HARBOR, 2.0, 3578.5
271, Combat, 7, UNIT_NUCLEAR_SUBMARINE, 5, District, 1.0, 3579.5
271, Nuclear Strike, 7, UNIT_NUCLEAR_SUBMARINE, , , 5.0, 3584.5
271, District Pillaged, -1, , 5, DISTRICT_CITY_CENTER, 2.0, 3586.5
271, District Pillaged, -1, , 5, DISTRICT_HARBOR, 2.0, 3588.5
271, Combat, 7, UNIT_JET_BOMBER, 5, District, 1.0, 3589.5
271, Nuclear Strike, 7, UNIT_JET_BOMBER, , , 5.0, 3594.5
271, Combat, 14, District, 6, UNIT_ROCKET_ARTILLERY, 1.0, 3595.5
271, Combat, 14, District, 6, UNIT_ROCKET_ARTILLERY, 1.0, 3596.5
272, Combat, 0, UNIT_APOSTLE, 7, UNIT_MISSIONARY, 1.0, 3597.5
272, Death, 7, UNIT_MISSIONARY, 0, UNIT_APOSTLE, 1.0, 3598.5
272, Combat, 1, UNIT_MODERN_ARMOR, 4, District, 1.0, 3599.5
272, Combat, 1, UNIT_MODERN_ARMOR, 4, UNIT_MACHINE_GUN, 1.0, 3600.5
272, Death, 1, UNIT_MODERN_ARMOR, 4, UNIT_MACHINE_GUN, 1.0, 3601.5
272, Combat, 2, UNIT_JET_BOMBER, 6, UNIT_MECHANIZED_INFANTRY, 1.0, 3602.5
272, Combat, 2, UNIT_JET_BOMBER, 6, UNIT_MECHANIZED_INFANTRY, 1.0, 3603.5
272, Combat, 2, UNIT_JET_BOMBER, 6, UNIT_MECHANIZED_INFANTRY, 1.0, 3604.5
272, Combat, 2, UNIT_JET_BOMBER, 6, UNIT_MECHANIZED_INFANTRY, 1.0, 3605.5
272, Death, 2, UNIT_JET_BOMBER, 6, UNIT_MECHANIZED_INFANTRY, 1.0, 3606.5
272, Improvement Pillaged, -1, , 6, IMPROVEMENT_BEACH_RESORT, 1.0, 3607.5
272, Combat, 2, UNIT_JET_BOMBER, 6, District, 1.0, 3608.5
272, Combat, 4, District, 1, UNIT_MODERN_ARMOR, 1.0, 3609.5
272, Combat, 4, District, 1, UNIT_MODERN_ARMOR, 1.0, 3610.5
272, Combat, 4, District, 5, UNIT_MECHANIZED_INFANTRY, 1.0, 3611.5
272, Combat, 5, UNIT_NUCLEAR_SUBMARINE, 7, UNIT_MACHINE_GUN, 1.0, 3612.5
272, Combat, 5, UNIT_JET_BOMBER, 7, UNIT_MACHINE_GUN, 1.0, 3613.5
272, Death, 5, UNIT_JET_BOMBER, 7, UNIT_MACHINE_GUN, 1.0, 3614.5
272, Combat, 6, District, 2, UNIT_MECHANIZED_INFANTRY, 1.0, 3615.5
272, Combat, 6, District, 2, UNIT_MECHANIZED_INFANTRY, 1.0, 3616.5
272, Combat, 6, District, 2, UNIT_MODERN_ARMOR, 1.0, 3617.5
272, Combat, 6, District, 2, UNIT_MECHANIZED_INFANTRY, 1.0, 3618.5
272, District Pillaged, -1, , 5, DISTRICT_CITY_CENTER, 2.0, 3620.5
272, District Pillaged, -1, , 5, DISTRICT_HARBOR, 2.0, 3622.5
272, Building Pillaged, -1, , 5, BUILDING_BARRACKS, 2.0, 3624.5
272, Building Pillaged, -1, , 5, BUILDING_ARMORY, 2.0, 3626.5
272, Building Pillaged, -1, , 5, BUILDING_MILITARY_ACADEMY, 2.0, 3628.5
272, District Pillaged, -1, , 5, DISTRICT_ENCAMPMENT, 2.0, 3630.5
272, Building Pillaged, -1, , 5, BUILDING_WORKSHOP, 2.0, 3632.5
272, Building Pillaged, -1, , 5, BUILDING_FACTORY, 2.0, 3634.5
272, Building Pillaged, -1, , 5, BUILDING_POWER_PLANT, 2.0, 3636.5
272, District Pillaged, -1, , 5, DISTRICT_INDUSTRIAL_ZONE, 2.0, 3638.5
272, Improvement Pillaged, -1, , 5, IMPROVEMENT_FARM, 1.0, 3639.5
272, Building Pillaged, -1, , 5, BUILDING_AMPHITHEATER, 2.0, 3641.5
272, Building Pillaged, -1, , 5, BUILDING_MUSEUM_ARTIFACT, 2.0, 3643.5
272, Building Pillaged, -1, , 5, BUILDING_BROADCAST_CENTER, 2.0, 3645.5
272, District Pillaged, -1, , 5, DISTRICT_THEATER, 2.0, 3647.5
272, District Pillaged, -1, , 5, DISTRICT_SPACEPORT, 2.0, 3649.5
272, Building Pillaged, -1, , 5, BUILDING_SHRINE, 2.0, 3651.5
272, Building Pillaged, -1, , 5, BUILDING_TEMPLE, 2.0, 3653.5
272, Building Pillaged, -1, , 5, BUILDING_MEETING_HOUSE, 2.0, 3655.5
272, District Pillaged, -1, , 5, DISTRICT_HOLY_SITE, 2.0, 3657.5
272, Combat, 7, UNIT_NUCLEAR_SUBMARINE, 5, District, 1.0, 3658.5
272, Nuclear Strike, 7, UNIT_NUCLEAR_SUBMARINE, , , 5.0, 3663.5
273, Combat, 1, UNIT_MODERN_ARMOR, 4, UNIT_MODERN_ARMOR, 1.0, 3664.5
273, Combat, 2, District, 6, UNIT_MISSILE_CRUISER, 1.0, 3665.5
273, Death, 2, DISTRICT_CITY_CENTER, 6, UNIT_MISSILE_CRUISER, 1.0, 3666.5
273, Declare war, 20, , 1, , 2.0, 3668.5
273, Declare war, 20, , 5, , 2.0, 3670.5
273, Combat, 4, UNIT_MODERN_ARMOR, 1, UNIT_RANGER, 1.0, 3671.5
273, Death, 4, UNIT_MODERN_ARMOR, 1, UNIT_RANGER, 1.0, 3672.5
273, Combat, 4, District, 1, UNIT_RANGER, 1.0, 3673.5
273, Death, 4, DISTRICT_CITY_CENTER, 1, UNIT_RANGER, 1.0, 3674.5
273, Combat, 4, District, 1, UNIT_MODERN_ARMOR, 1.0, 3675.5
273, Barb Combat, 4, District, 63, UNIT_MODERN_ARMOR, 0.5, 3676.0
273, Barb Combat, 4, District, 63, UNIT_MODERN_ARMOR, 0.5, 3676.5
273, Death, 4, DISTRICT_ENCAMPMENT, 63, UNIT_MODERN_ARMOR, 1.0, 3677.5
273, Combat, 4, UNIT_NUCLEAR_SUBMARINE, 1, UNIT_MODERN_ARMOR, 1.0, 3678.5
273, Combat, 4, UNIT_NUCLEAR_SUBMARINE, 1, UNIT_MODERN_ARMOR, 1.0, 3679.5
273, Death, 4, UNIT_NUCLEAR_SUBMARINE, 1, UNIT_MODERN_ARMOR, 1.0, 3680.5
273, Combat, 5, UNIT_NUCLEAR_SUBMARINE, 7, UNIT_ARTILLERY, 1.0, 3681.5
273, Building Pillaged, -1, , 7, BUILDING_MONUMENT, 2.0, 3683.5
273, Building Pillaged, -1, , 7, BUILDING_PALACE, 2.0, 3685.5
273, Building Pillaged, -1, , 7, BUILDING_GRANARY, 2.0, 3687.5
273, Building Pillaged, -1, , 7, BUILDING_WALLS, 2.0, 3689.5
273, Building Pillaged, -1, , 7, BUILDING_WATER_MILL, 2.0, 3691.5
273, Building Pillaged, -1, , 7, BUILDING_CASTLE, 2.0, 3693.5
273, Building Pillaged, -1, , 7, BUILDING_STAR_FORT, 2.0, 3695.5
273, Building Pillaged, -1, , 7, BUILDING_SEWER, 2.0, 3697.5
273, District Pillaged, -1, , 7, DISTRICT_CITY_CENTER, 2.0, 3699.5
273, Building Pillaged, -1, , 7, BUILDING_MARKET, 2.0, 3701.5
273, Building Pillaged, -1, , 7, BUILDING_BANK, 2.0, 3703.5
273, Building Pillaged, -1, , 7, BUILDING_STOCK_EXCHANGE, 2.0, 3705.5
273, District Pillaged, -1, , 7, DISTRICT_COMMERCIAL_HUB, 2.0, 3707.5
273, Improvement Pillaged, -1, , 7, IMPROVEMENT_FARM, 1.0, 3708.5
273, Building Pillaged, -1, , 7, BUILDING_SHRINE, 2.0, 3710.5
273, Building Pillaged, -1, , 7, BUILDING_TEMPLE, 2.0, 3712.5
273, Building Pillaged, -1, , 7, BUILDING_MEETING_HOUSE, 2.0, 3714.5
273, District Pillaged, -1, , 7, DISTRICT_HOLY_SITE, 2.0, 3716.5
273, Improvement Pillaged, -1, , 7, IMPROVEMENT_FARM, 1.0, 3717.5
273, Building Pillaged, -1, , 7, BUILDING_HAGIA_SOPHIA, 2.0, 3719.5
273, Improvement Pillaged, -1, , 7, IMPROVEMENT_FARM, 1.0, 3720.5
273, District Pillaged, -1, , 7, DISTRICT_NEIGHBORHOOD, 2.0, 3722.5
273, Improvement Pillaged, -1, , 7, IMPROVEMENT_FARM, 1.0, 3723.5
273, District Pillaged, -1, , 7, DISTRICT_SPACEPORT, 2.0, 3725.5
273, Improvement Pillaged, -1, , 7, IMPROVEMENT_PLANTATION, 1.0, 3726.5
273, Building Pillaged, -1, , 7, BUILDING_WORKSHOP, 2.0, 3728.5
273, Building Pillaged, -1, , 7, BUILDING_FACTORY, 2.0, 3730.5
273, Building Pillaged, -1, , 7, BUILDING_POWER_PLANT, 2.0, 3732.5
273, District Pillaged, -1, , 7, DISTRICT_INDUSTRIAL_ZONE, 2.0, 3734.5
273, Improvement Pillaged, -1, , 7, IMPROVEMENT_FARM, 1.0, 3735.5
273, Building Pillaged, -1, , 7, BUILDING_LIBRARY, 2.0, 3737.5
273, Building Pillaged, -1, , 7, BUILDING_MADRASA, 2.0, 3739.5
273, Building Pillaged, -1, , 7, BUILDING_RESEARCH_LAB, 2.0, 3741.5
273, District Pillaged, -1, , 7, DISTRICT_CAMPUS, 2.0, 3743.5
273, Improvement Pillaged, -1, , 7, IMPROVEMENT_QUARRY, 1.0, 3744.5
273, Improvement Pillaged, -1, , 7, IMPROVEMENT_FARM, 1.0, 3745.5
273, Improvement Pillaged, -1, , 7, IMPROVEMENT_PLANTATION, 1.0, 3746.5
273, Improvement Pillaged, -1, , 7, IMPROVEMENT_FARM, 1.0, 3747.5
273, Improvement Pillaged, -1, , 7, IMPROVEMENT_FARM, 1.0, 3748.5
273, Combat, 5, UNIT_JET_BOMBER, 7, District, 1.0, 3749.5
273, Nuclear Strike, 5, UNIT_JET_BOMBER, , , 5.0, 3754.5
273, Combat, 5, UNIT_NUCLEAR_SUBMARINE, 7, UNIT_ARTILLERY, 1.0, 3755.5
273, Death, 5, UNIT_NUCLEAR_SUBMARINE, 7, UNIT_ARTILLERY, 1.0, 3756.5
273, Combat, 6, UNIT_MODERN_ARMOR, 2, UNIT_MODERN_ARMOR, 1.0, 3757.5
273, Death, 6, UNIT_MODERN_ARMOR, 2, UNIT_MODERN_ARMOR, 1.0, 3758.5
273, Combat, 6, District, 2, UNIT_MECHANIZED_INFANTRY, 1.0, 3759.5
273, Combat, 6, District, 2, UNIT_MECHANIZED_INFANTRY, 1.0, 3760.5
273, Death, 6, DISTRICT_CITY_CENTER, 2, UNIT_MECHANIZED_INFANTRY, 1.0, 3761.5
273, Combat, 6, District, 2, UNIT_MECHANIZED_INFANTRY, 1.0, 3762.5
273, Combat, 6, District, 2, UNIT_MECHANIZED_INFANTRY, 1.0, 3763.5
273, Combat, 7, UNIT_MACHINE_GUN, 5, UNIT_NUCLEAR_SUBMARINE, 1.0, 3764.5
273, Barb Combat, 63, UNIT_MODERN_ARMOR, 4, UNIT_ARTILLERY, 0.5, 3765.0
274, Combat, 1, UNIT_JET_BOMBER, 4, District, 1.0, 3766.0
274, Combat, 1, UNIT_JET_BOMBER, 4, District, 1.0, 3767.0
274, Combat, 1, UNIT_JET_BOMBER, 4, District, 1.0, 3768.0
274, Combat, 1, UNIT_JET_BOMBER, 4, District, 1.0, 3769.0
274, Combat, 1, UNIT_JET_BOMBER, 4, District, 1.0, 3770.0
274, Combat, 1, UNIT_JET_BOMBER, 4, District, 1.0, 3771.0
274, Combat, 1, UNIT_JET_BOMBER, 4, District, 1.0, 3772.0
274, Combat, 1, UNIT_JET_BOMBER, 4, District, 1.0, 3773.0
274, Combat, 1, UNIT_JET_BOMBER, 4, District, 1.0, 3774.0
274, Combat, 1, UNIT_JET_BOMBER, 4, District, 1.0, 3775.0
274, Combat, 1, UNIT_JET_BOMBER, 4, District, 1.0, 3776.0
274, Combat, 1, UNIT_JET_BOMBER, 4, District, 1.0, 3777.0
274, Combat, 1, UNIT_JET_BOMBER, 4, District, 1.0, 3778.0
274, Combat, 1, UNIT_JET_BOMBER, 4, District, 1.0, 3779.0
274, Combat, 1, UNIT_JET_BOMBER, 4, District, 1.0, 3780.0
274, Combat, 1, UNIT_JET_BOMBER, 4, District, 1.0, 3781.0
274, Combat, 1, UNIT_JET_BOMBER, 4, District, 1.0, 3782.0
274, Combat, 1, UNIT_JET_BOMBER, 4, District, 1.0, 3783.0
274, Combat, 1, UNIT_JET_BOMBER, 4, District, 1.0, 3784.0
274, Combat, 1, UNIT_JET_BOMBER, 4, District, 1.0, 3785.0
274, Combat, 1, UNIT_JET_BOMBER, 4, District, 1.0, 3786.0
274, Combat, 1, UNIT_JET_BOMBER, 4, District, 1.0, 3787.0
274, Combat, 1, UNIT_JET_BOMBER, 4, District, 1.0, 3788.0
274, Combat, 1, UNIT_JET_BOMBER, 4, District, 1.0, 3789.0
274, Combat, 1, UNIT_JET_BOMBER, 4, District, 1.0, 3790.0
274, Combat, 1, UNIT_JET_BOMBER, 4, District, 1.0, 3791.0
274, Combat, 1, UNIT_JET_BOMBER, 4, District, 1.0, 3792.0
274, Combat, 1, UNIT_JET_BOMBER, 4, District, 1.0, 3793.0
274, Denounce Player, 2, , 0, , 1.0, 3794.0
274, Combat, 2, UNIT_JET_BOMBER, 6, UNIT_MECHANIZED_INFANTRY, 1.0, 3795.0
274, Combat, 2, UNIT_JET_BOMBER, 6, UNIT_MECHANIZED_INFANTRY, 1.0, 3796.0
274, Combat, 2, UNIT_JET_BOMBER, 6, UNIT_MECHANIZED_INFANTRY, 1.0, 3797.0
274, Combat, 2, UNIT_JET_BOMBER, 6, UNIT_MECHANIZED_INFANTRY, 1.0, 3798.0
274, Combat, 2, UNIT_JET_BOMBER, 6, UNIT_MECHANIZED_INFANTRY, 1.0, 3799.0
274, Combat, 2, UNIT_JET_BOMBER, 6, UNIT_MECHANIZED_INFANTRY, 1.0, 3800.0
274, Combat, 2, UNIT_JET_BOMBER, 6, UNIT_MECHANIZED_INFANTRY, 1.0, 3801.0
274, Combat, 2, UNIT_JET_BOMBER, 6, UNIT_MECHANIZED_INFANTRY, 1.0, 3802.0
274, Death, 2, UNIT_JET_BOMBER, 6, UNIT_MECHANIZED_INFANTRY, 1.0, 3803.0
274, Improvement Pillaged, -1, , 6, IMPROVEMENT_FARM, 1.0, 3804.0
274, Combat, 2, UNIT_JET_BOMBER, 6, District, 1.0, 3805.0
274, Barb Combat, 4, UNIT_MECHANIZED_INFANTRY, 63, UNIT_MACHINE_GUN, 0.5, 3805.5
274, Barb Death, 4, UNIT_MECHANIZED_INFANTRY, 63, UNIT_MACHINE_GUN, 0.5, 3806.0
274, Barb Combat, 4, UNIT_MODERN_ARMOR, 63, UNIT_MODERN_ARMOR, 0.5, 3806.5
274, Barb Death, 4, UNIT_MODERN_ARMOR, 63, UNIT_MODERN_ARMOR, 0.5, 3807.0
274, Barb Combat, 4, District, 63, UNIT_MODERN_ARMOR, 0.5, 3807.5
274, Barb Combat, 4, District, 63, UNIT_MODERN_ARMOR, 0.5, 3808.0
274, Death, 4, DISTRICT_ENCAMPMENT, 63, UNIT_MODERN_ARMOR, 1.0, 3809.0
274, Combat, 5, UNIT_NUCLEAR_SUBMARINE, 7, UNIT_MECHANIZED_INFANTRY, 1.0, 3810.0
274, Combat, 5, UNIT_NUCLEAR_SUBMARINE, 7, UNIT_MACHINE_GUN, 1.0, 3811.0
274, Combat, 5, UNIT_NUCLEAR_SUBMARINE, 7, UNIT_MACHINE_GUN, 1.0, 3812.0
274, Death, 5, UNIT_NUCLEAR_SUBMARINE, 7, UNIT_MACHINE_GUN, 1.0, 3813.0
274, Barb Combat, 6, UNIT_MECHANIZED_INFANTRY, 63, UNIT_MODERN_ARMOR, 0.5, 3813.5
274, Combat, 6, UNIT_MECHANIZED_INFANTRY, 2, UNIT_MECHANIZED_INFANTRY, 1.0, 3814.5
274, Death, 6, UNIT_MECHANIZED_INFANTRY, 2, UNIT_MECHANIZED_INFANTRY, 1.0, 3815.5
274, Combat, 6, UNIT_MODERN_ARMOR, 2, UNIT_MECHANIZED_INFANTRY, 1.0, 3816.5
274, Combat, 6, District, 2, UNIT_MECHANIZED_INFANTRY, 1.0, 3817.5
274, Death, 6, DISTRICT_CITY_CENTER, 2, UNIT_MECHANIZED_INFANTRY, 1.0, 3818.5
274, Barb Combat, 6, District, 63, UNIT_MODERN_ARMOR, 0.5, 3819.0
274, Combat, 6, District, 2, UNIT_MECHANIZED_INFANTRY, 1.0, 3820.0
274, Combat, 7, UNIT_JET_BOMBER, 5, District, 1.0, 3821.0
274, Combat, 7, UNIT_JET_BOMBER, 5, District, 1.0, 3822.0
274, Combat, 7, UNIT_JET_BOMBER, 5, District, 1.0, 3823.0
274, Combat, 7, UNIT_JET_BOMBER, 5, District, 1.0, 3824.0
274, Combat, 7, UNIT_JET_BOMBER, 5, District, 1.0, 3825.0
274, Combat, 7, UNIT_JET_BOMBER, 5, District, 1.0, 3826.0
274, Combat, 7, UNIT_JET_BOMBER, 5, District, 1.0, 3827.0
274, Combat, 7, UNIT_JET_BOMBER, 5, District, 1.0, 3828.0
274, Combat, 7, UNIT_JET_BOMBER, 5, District, 1.0, 3829.0
274, Combat, 7, UNIT_JET_BOMBER, 5, District, 1.0, 3830.0
274, Building Pillaged, -1, , 4, BUILDING_PAGODA, 2.0, 3832.0
275, Combat, 2, UNIT_MECHANIZED_INFANTRY, 6, UNIT_MECHANIZED_INFANTRY, 1.0, 3833.0
275, Combat, 2, UNIT_MECHANIZED_INFANTRY, 6, UNIT_MECHANIZED_INFANTRY, 1.0, 3834.0
275, Combat, 2, District, 6, UNIT_MECHANIZED_INFANTRY, 1.0, 3835.0
275, Death, 2, DISTRICT_ENCAMPMENT, 6, UNIT_MECHANIZED_INFANTRY, 1.0, 3836.0
275, Improvement Pillaged, -1, , 6, IMPROVEMENT_FARM, 1.0, 3837.0
275, Combat, 2, UNIT_JET_BOMBER, 6, District, 1.0, 3838.0
275, Barb Combat, 4, UNIT_MECHANIZED_INFANTRY, 63, UNIT_MODERN_ARMOR, 0.5, 3838.5
275, Barb Death, 4, UNIT_MECHANIZED_INFANTRY, 63, UNIT_MODERN_ARMOR, 0.5, 3839.0
275, Barb Combat, 4, UNIT_MODERN_ARMOR, 63, UNIT_MODERN_ARMOR, 0.5, 3839.5
275, Barb Combat, 4, District, 63, UNIT_MODERN_ARMOR, 0.5, 3840.0
275, Barb Combat, 4, District, 63, UNIT_MODERN_ARMOR, 0.5, 3840.5
275, Death, 4, DISTRICT_ENCAMPMENT, 63, UNIT_MODERN_ARMOR, 1.0, 3841.5
275, Barb Combat, 5, UNIT_JET_BOMBER, 63, UNIT_MODERN_ARMOR, 0.5, 3842.0
275, Barb Combat, 5, UNIT_JET_BOMBER, 63, UNIT_MODERN_ARMOR, 0.5, 3842.5
275, Combat, 6, UNIT_MECHANIZED_INFANTRY, 2, UNIT_MECHANIZED_INFANTRY, 1.0, 3843.5
275, Death, 6, UNIT_MECHANIZED_INFANTRY, 2, UNIT_MECHANIZED_INFANTRY, 1.0, 3844.5
275, Combat, 6, District, 2, UNIT_MECHANIZED_INFANTRY, 1.0, 3845.5
275, Death, 6, DISTRICT_ENCAMPMENT, 2, UNIT_MECHANIZED_INFANTRY, 1.0, 3846.5
275, Combat, 6, District, 2, UNIT_MECHANIZED_INFANTRY, 1.0, 3847.5
275, Unit Capture, 63, UNIT_MODERN_ARMOR, 4, UNIT_BUILDER, 1.0, 3848.5
275, District Pillaged, -1, , 4, DISTRICT_NEIGHBORHOOD, 2.0, 3850.5
276, Barb Combat, 1, UNIT_JET_BOMBER, 63, UNIT_MODERN_ARMOR, 0.5, 3851.0
276, Barb Death, 1, UNIT_JET_BOMBER, 63, UNIT_MODERN_ARMOR, 0.5, 3851.5
276, Barb Combat, 1, UNIT_JET_BOMBER, 63, UNIT_MODERN_ARMOR, 0.5, 3852.0
276, Barb Combat, 1, UNIT_JET_BOMBER, 63, UNIT_MODERN_ARMOR, 0.5, 3852.5
276, Barb Death, 1, UNIT_JET_BOMBER, 63, UNIT_MODERN_ARMOR, 0.5, 3853.0
276, Combat, 1, UNIT_JET_BOMBER, 4, District, 1.0, 3854.0
276, Combat, 1, UNIT_JET_BOMBER, 4, District, 1.0, 3855.0
276, Combat, 1, UNIT_JET_BOMBER, 4, District, 1.0, 3856.0
276, Combat, 1, UNIT_JET_BOMBER, 4, District, 1.0, 3857.0
276, Combat, 1, UNIT_JET_BOMBER, 4, District, 1.0, 3858.0
276, Combat, 1, UNIT_JET_BOMBER, 4, District, 1.0, 3859.0
276, Combat, 1, UNIT_JET_BOMBER, 4, District, 1.0, 3860.0
276, Combat, 1, UNIT_JET_BOMBER, 4, District, 1.0, 3861.0
276, Combat, 1, UNIT_JET_BOMBER, 4, District, 1.0, 3862.0
276, Combat, 1, UNIT_JET_BOMBER, 4, District, 1.0, 3863.0
276, Combat, 2, UNIT_JET_BOMBER, 6, UNIT_MISSILE_CRUISER, 1.0, 3864.0
276, Combat, 2, UNIT_JET_BOMBER, 6, UNIT_MISSILE_CRUISER, 1.0, 3865.0
276, Combat, 2, UNIT_JET_BOMBER, 6, UNIT_MISSILE_CRUISER, 1.0, 3866.0
276, Combat, 2, UNIT_JET_BOMBER, 6, UNIT_MISSILE_CRUISER, 1.0, 3867.0
276, Combat, 2, UNIT_JET_BOMBER, 6, UNIT_MISSILE_CRUISER, 1.0, 3868.0
276, Death, 2, UNIT_JET_BOMBER, 6, UNIT_MISSILE_CRUISER, 1.0, 3869.0
276, Building Pillaged, -1, , 6, BUILDING_SEAPORT, 2.0, 3871.0
276, Combat, 2, UNIT_JET_BOMBER, 6, District, 1.0, 3872.0
276, Building Pillaged, -1, , 6, BUILDING_SHIPYARD, 2.0, 3874.0
276, Combat, 2, UNIT_JET_BOMBER, 6, District, 1.0, 3875.0
276, Combat, 6, District, 2, UNIT_MECHANIZED_INFANTRY, 1.0, 3876.0
277, Combat, 6, District, 2, UNIT_NUCLEAR_SUBMARINE, 1.0, 3877.0
277, Combat, 6, District, 2, UNIT_MECHANIZED_INFANTRY, 1.0, 3878.0
